LAN_ID,ACCESION,GID,BankAccessionNumber,PACKING_ENTRY,OISO,DISO,CollectionNumber,PopulationNumber1,PopulationNumber2,Taxonomia,Altitude,Latitude,Longitude,Data Origen,PrimaryRace,PopulationType,Site,Province,Country
LANTEO001,CIMMYTMA 8753,249708,8753,1,MEX,MEX,K.67-3,K,67-3,Zea mays subsp. mexicana,2338,19.029494,-98.821186,Mod. Sergio,CHALCO,7,TEPETLIXPA,,EDO. MEXICO
LANTEO002,CIMMYTMA 8754,249709,8754,2,MEX,MEX,K.67-4,K,67-4,Zea mays subsp. mexicana,2338,19.029494,-98.821186,Mod. Sergio,CHALCO,7,TEPETLIXPA,,EDO. MEXICO
LANTEO003,CIMMYTMA 8755,249710,8755,3,MEX,MEX,K.67-5,K,67-5,Zea mays subsp. parviglumis,1394,17.45,-99.47,CIMMYT,BALSAS,7,"MAZATLAN, CHILPANCINGO",,GUERRERO
LANTEO004,CIMMYTMA 8756,249711,8756,4,MEX,MEX,K.67-6,K,67-6,Zea mays subsp. parviglumis,1394,17.45,-99.47,CIMMYT,BALSAS,7,"MAZATLAN, CHILPANCINGO",,GUERRERO
LANTEO005,CIMMYTMA 8758,249713,8758,5,MEX,MEX,K.67-7,K,67-7,Zea mays subsp. parviglumis,1814,18.5,-99.79,CIMMYT,BALSAS,7,"KM. 48 IGUALA-TELOLOAPAN, IXCATEOPAN",,GUERRERO
LANTEO006,CIMMYTMA 8759,249714,8759,6,MEX,MEX,K.67-12,K,67-12,Zea mays subsp. parviglumis,1168,18.42,-100.08,CIMMYT,BALSAS,7,"KM. 47 TELOLOAPAN-ARCELIA, ACAPETLAHUAYA",,GUERRERO
LANTEO007,CIMMYTMA 8760,249715,8760,7,MEX,MEX,K.67-14,K,67-14,Zea mays subsp. parviglumis,587,18.82,-100.97,CIMMYT,BALSAS,7,"LAS JUNTAS (KM. 43 HUETAMO-MORELIA), TIQUICHE",,MICHOACAN
LANTEO008,CIMMYTMA 8763,249718,8763,8,MEX,MEX,K.67-20,K,67-20,Zea mays subsp. parviglumis,1896,19.5,-101.87,CIMMYT,BALSAS,7,KM. 175 TOLUCA-VALLE DE BRAVO-TINGAMBATO,,MICHOACAN
LANTEO009,CIMMYTMA 8764,249719,8764,9,MEX,MEX,K.67-21,K,67-21,Zea mays subsp. parviglumis,1896,19.5,-101.87,CIMMYT,BALSAS,7,KM. 193 TOLUCA-VALLE DE BRAVO-TINGAMBATO,,MICHOACAN
LANTEO010,CIMMYTMA 8766,249721,8766,10,MEX,MEX,K.67-23,K,67-23,Zea mays subsp. parviglumis,1896,19.5,-101.87,CIMMYT,BALSAS,7,KM. 27 TINGAMBATO-TUZANTLA,,MICHOACAN
LANTEO011,CIMMYTMA 8768,249723,8768,11,MEX,MEX,K.68-1,K,68-1,Zea mays subsp. mexicana,2261,19.217056,-98.995039,Mod. Sergio,CHALCO,7,"SAN ANTONIO TECOMITL, MILPA ALTA",,DISTRITO FEDERAL
LANTEO012,CIMMYTMA 8769,249724,8769,12,MEX,MEX,K.68-2,K,68-2,Zea mays subsp. mexicana,2368,19.231213,-99.117991,Mod. Sergio,CHALCO,7,"SAN MATEO, XOCHIMILCO",,DISTRITO FEDERAL
LANTEO013,CIMMYTMA 8770,249725,8770,13,MEX,MEX,K.68-6,K,68-6,Zea mays subsp. mexicana,2254,19.312232,-98.875792,Mod. Sergio,CHALCO,7,"ZOQUIAPAN, IXTAPALUCA",,EDO. MEXICO
LANTEO014,CIMMYTMA 8771,249726,8771,14,MEX,MEX,K.69-3,K,69-3,Zea mays subsp. mexicana,1855,20.15,-102.07,CIMMYT,C PLATE,7,CHURINTZIO,,MICHOACAN
LANTEO015,CIMMYTMA 8772,249727,8772,15,MEX,MEX,K.69-4,K,69-4,Zea mays subsp. mexicana,2000,19.920637,-101.744474,Mod. Sergio,C PLATE,7,VILLA JIMENEZ,,MICHOACAN
LANTEO016,CIMMYTMA 8773,249728,8773,16,MEX,MEX,K.71-1,K,71-1,Zea mays subsp. mexicana,2255,19.25,-98.85,CIMMYT,CHALCO,7,"KM. 9 CHALCO-MIRAFLORES, CHALCO",,EDO. MEXICO
LANTEO017,CIMMYTMA 8774,249729,8774,17,MEX,MEX,K.71-2,K,71-2,Zea mays subsp. parviglumis,1394,17.45,-99.47,CIMMYT,BALSAS,7,"MAZATLAN, CHILPANCINGO",,GUERRERO
LANTEO018,CIMMYTMA 8775,249730,8775,18,MEX,MEX,K.71-3,K,71-3,Zea mays subsp. parviglumis,1198,17.4,-99.47,CIMMYT,BALSAS,7,30 KM. SUR DE CHILPANCINGO-PALO BALNCO,,GUERRERO
LANTEO019,CIMMYTMA 8776,249731,8776,19,MEX,MEX,K.71-4,K,71-4,Zea mays subsp. parviglumis,1200,17.404083,-99.466982,Mod. Sergio,BALSAS,7,"PALO BLANCO 1 KM. SUR DE GUERRERO, CHILPANCIN",,GUERRERO
LANTEO020,CIMMYTMA 8777,249732,8777,20,MEX,MEX,K.71-5,K,71-5,Zea mays subsp. parviglumis,2039,19.155345,-100.111303,Mod. Sergio,BALSAS,7,VALLE DE BRAVO KM. 37,,EDO. MEXICO
LANTEO021,CIMMYTMA 8778,249733,8778,21,MEX,MEX,K.71-6,K,71-6,Zea mays subsp. parviglumis,1896,19.5,-101.87,CIMMYT,BALSAS,7,KM. 79 TINGAMBATO,,MICHOACAN
LANTEO022,CIMMYTMA 8779,249734,8779,22,MEX,MEX,K.71-7,K,71-7,Zea mays subsp. parviglumis,2039,19.155345,-100.111303,Mod. Sergio,BALSAS,7,VALLE DE BRAVO KM 41,,EDO. MEXICO
LANTEO023,CIMMYTMA 8780,249735,8780,23,MEX,MEX,W.71-1,W,71-1,Zea mays subsp. parviglumis,1514,18.32273,-100.05517,Mod. Sergio,BALSAS,7,TELOLOAPAN-ARCELIA,,GUERRERO
LANTEO024,CIMMYTMA 8781,249736,8781,24,MEX,MEX,W.71-2,W,71-2,Zea mays subsp. parviglumis,1514,18.32273,-100.05517,Mod. Sergio,BALSAS,7,TELOLOAPAN-ARCELIA SITES 3456,,GUERRERO
LANTEO025,CIMMYTMA 8782,249737,8782,25,MEX,MEX,W.71-3,W,71-3,Zea mays subsp. parviglumis,536,18.38,-100.18,CIMMYT,BALSAS,7,KM. 55 TELOLOAPAN-ARCELIA,,GUERRERO
LANTEO026,CIMMYTMA 8783,249738,8783,26,MEX,MEX,W.71-4,W,71-4,Zea mays subsp. parviglumis,802,18.36,-99.66,CIMMYT,BALSAS,7,KM. 55 IGUALA-TELOLOAPAN,,GUERRERO
LANTEO027,CIMMYTMA 8784,249739,8784,27,MEX,PAN,B.72-1,B,72-1,Zea mays subsp. parviglumis,1244,17.4,-99.43,CIMMYT,BALSAS,7,"EL SALADO 3 KM. SUR DE MAZATLAN, MOCHITLAN",,GUERRERO
LANTEO028,CIMMYTMA 8785,249740,8785,28,MEX,PAN,B.73-51,B,73-51,Zea mays subsp. parviglumis,1244,17.4,-99.43,CIMMYT,BALSAS,7,"EL SALADO 3 KM. SUR DE MAZATLAN, MOCHITLAN",,GUERRERO
LANTEO029,CIMMYTMA 8787,249742,8787,29,MEX,PAN,B.73-1,B,73-1,Undetermined spp.,2276,19.53,-98.85,CIMMYT,BALSAS,7,"EL BATAN, TEXCOCO",,EDO. MEXICO
LANTEO030,CIMMYTMA 8788,249743,8788,30,MEX,PAN,B.73-2,B,73-2,Undetermined spp.,2276,19.53,-98.85,CIMMYT,BALSAS,7,"EL BATAN, TEXCOCO",,EDO. MEXICO
LANTEO031,CIMMYTMA 8789,249744,8789,31,MEX,PAN,B.73-3,B,73-3,Undetermined spp.,2276,19.53,-98.85,CIMMYT,BALSAS,7,"EL BATAN, TEXCOCO",,EDO. MEXICO
LANTEO032,CIMMYTMA 8790,249745,8790,32,MEX,PAN,B.73-4,B,73-4,Undetermined spp.,2276,19.53,-98.85,CIMMYT,CHALCO,7,"EL BATAN, TEXCOCO",,EDO. MEXICO
LANTEO033,CIMMYTMA 8791,249746,8791,33,MEX,PAN,B.73-5,B,73-5,Undetermined spp.,2276,19.53,-98.85,CIMMYT,CHALCO,7,"EL BATAN, TEXCOCO",,EDO. MEXICO
LANTEO034,CIMMYTMA 8792,249747,8792,34,MEX,PAN,B.73-6,B,73-6,Undetermined spp.,2276,19.53,-98.85,CIMMYT,,7,"EL BATAN, TEXCOCO",,EDO. MEXICO
LANTEO035,CIMMYTMA 8793,249748,8793,35,MEX,PAN,B.73-7,B,73-7,Undetermined spp.,2276,19.53,-98.85,CIMMYT,CHALCO,7,"EL BATAN, TEXCOCO",,EDO. MEXICO
LANTEO036,CIMMYTMA 8794,249749,8794,36,MEX,PAN,B.73-8,B,73-8,Undetermined spp.,2276,19.53,-98.85,CIMMYT,CHALCO,7,"EL BATAN, TEXCOCO",,EDO. MEXICO
LANTEO037,CIMMYTMA 8795,249750,8795,37,MEX,PAN,B.73-9,B,73-9,Undetermined spp.,2276,19.53,-98.85,CIMMYT,CHALCO,7,"EL BATAN, TEXCOCO",,EDO. MEXICO
LANTEO038,CIMMYTMA 8796,249751,8796,38,MEX,PAN,B.73-10,B,73-10,Undetermined spp.,2276,19.53,-98.85,CIMMYT,,7,"EL BATAN, TEXCOCO",,EDO. MEXICO
LANTEO039,CIMMYTMA 8797,249752,8797,39,MEX,PAN,B.73-11,B,73-11,Undetermined spp.,2276,19.53,-98.85,CIMMYT,BALSAS,7,"EL BATAN, TEXCOCO",,EDO. MEXICO
LANTEO040,CIMMYTMA 8798,249753,8798,40,MEX,PAN,B.73-12,B,73-12,Undetermined spp.,2276,19.53,-98.85,CIMMYT,,7,"EL BATAN, TEXCOCO",,EDO. MEXICO
LANTEO041,CIMMYTMA 8799,249754,8799,41,MEX,PAN,B.73-13,B,73-13,Undetermined spp.,2276,19.53,-98.85,CIMMYT,,7,"EL BATAN, TEXCOCO",,EDO. MEXICO
LANTEO042,CIMMYTMA 8800,249755,8800,42,MEX,PAN,B.73-14,B,73-14,Undetermined spp.,2276,19.53,-98.85,CIMMYT,,7,"EL BATAN, TEXCOCO",,EDO. MEXICO
LANTEO043,CIMMYTMA 8801,249756,8801,43,MEX,PAN,B.73-15,B,73-15,Undetermined spp.,2276,19.53,-98.85,CIMMYT,,7,"EL BATAN, TEXCOCO",,EDO. MEXICO
LANTEO044,CIMMYTMA 8802,249757,8802,44,MEX,PAN,B.73-16,B,73-16,Undetermined spp.,2276,19.53,-98.85,CIMMYT,,7,"EL BATAN, TEXCOCO",,EDO. MEXICO
LANTEO045,CIMMYTMA 8803,249758,8803,45,MEX,PAN,B.73-17,B,73-17,Undetermined spp.,2276,19.53,-98.85,CIMMYT,,7,"EL BATAN, TEXCOCO",,EDO. MEXICO
LANTEO046,CIMMYTMA 8804,249759,8804,46,MEX,PAN,B.73-18,B,73-18,Undetermined spp.,2276,19.53,-98.85,CIMMYT,,7,"EL BATAN, TEXCOCO",,EDO. MEXICO
LANTEO047,CIMMYTMA 8805,249760,8805,47,MEX,PAN,B.73-19,B,73-19,Undetermined spp.,2276,19.53,-98.85,CIMMYT,,7,"EL BATAN, TEXCOCO",,EDO. MEXICO
LANTEO048,CIMMYTMA 8806,249761,8806,48,MEX,PAN,B.73-20,B,73-20,Undetermined spp.,2276,19.53,-98.85,CIMMYT,,7,"EL BATAN, TEXCOCO",,EDO. MEXICO
LANTEO049,CIMMYTMA 8807,249762,8807,49,MEX,PAN,B.73-21,B,73-21,Undetermined spp.,2276,19.53,-98.85,CIMMYT,,7,"EL BATAN, TEXCOCO",,EDO. MEXICO
LANTEO050,CIMMYTMA 8808,249763,8808,50,MEX,PAN,B.73-22,B,73-22,Undetermined spp.,2276,19.53,-98.85,CIMMYT,CHALCO,7,"EL BATAN, TEXCOCO",,EDO. MEXICO
LANTEO051,CIMMYTMA 8809,249764,8809,51,MEX,PAN,B.73-23,B,73-23,Undetermined spp.,2276,19.53,-98.85,CIMMYT,,7,"EL BATAN, TEXCOCO",,EDO. MEXICO
LANTEO052,CIMMYTMA 8810,249765,8810,52,MEX,PAN,B.73-24,B,73-24,Undetermined spp.,2276,19.53,-98.85,CIMMYT,,7,"EL BATAN, TEXCOCO",,EDO. MEXICO
LANTEO053,CIMMYTMA 8811,249766,8811,53,MEX,PAN,B.73-25,B,73-25,Undetermined spp.,2276,19.53,-98.85,CIMMYT,,7,"EL BATAN, TEXCOCO",,EDO. MEXICO
LANTEO054,CIMMYTMA 8812,249767,8812,54,MEX,PAN,B.73-26,B,73-26,Undetermined spp.,2276,19.53,-98.85,CIMMYT,,7,"EL BATAN, TEXCOCO",,EDO. MEXICO
LANTEO055,CIMMYTMA 8813,249768,8813,55,MEX,PAN,B.73-27,B,73-27,Undetermined spp.,2276,19.53,-98.85,CIMMYT,,7,"EL BATAN, TEXCOCO",,EDO. MEXICO
LANTEO056,CIMMYTMA 8814,249769,8814,56,MEX,PAN,B.73-28,B,73-28,Undetermined spp.,2276,19.53,-98.85,CIMMYT,,7,"EL BATAN, TEXCOCO",,EDO. MEXICO
LANTEO057,CIMMYTMA 8815,249770,8815,57,MEX,PAN,B.73-29,B,73-29,Undetermined spp.,2276,19.53,-98.85,CIMMYT,,7,"EL BATAN, TEXCOCO",,EDO. MEXICO
LANTEO058,CIMMYTMA 8816,249771,8816,58,MEX,PAN,B.73-30,B,73-30,Undetermined spp.,2276,19.53,-98.85,CIMMYT,,7,"EL BATAN, TEXCOCO",,EDO. MEXICO
LANTEO059,CIMMYTMA 8817,249772,8817,59,MEX,PAN,B.73-31,B,73-31,Undetermined spp.,2276,19.53,-98.85,CIMMYT,,7,"EL BATAN, TEXCOCO",,EDO. MEXICO
LANTEO060,CIMMYTMA 8818,249773,8818,60,MEX,PAN,B.73-32,B,73-32,Undetermined spp.,2276,19.53,-98.85,CIMMYT,,7,"EL BATAN, TEXCOCO",,EDO. MEXICO
LANTEO061,CIMMYTMA 8819,249774,8819,61,MEX,PAN,B.73-33,B,73-33,Undetermined spp.,2276,19.53,-98.85,CIMMYT,,7,"EL BATAN, TEXCOCO",,EDO. MEXICO
LANTEO062,CIMMYTMA 8820,249775,8820,62,MEX,PAN,B.73-34,B,73-34,Undetermined spp.,2276,19.53,-98.85,CIMMYT,,7,"EL BATAN, TEXCOCO",,EDO. MEXICO
LANTEO063,CIMMYTMA 8821,249776,8821,63,MEX,PAN,B.73-35,B,73-35,Undetermined spp.,2276,19.53,-98.85,CIMMYT,,7,"EL BATAN, TEXCOCO",,EDO. MEXICO
LANTEO064,CIMMYTMA 8822,249777,8822,64,MEX,PAN,B.73-36,B,73-36,Undetermined spp.,2276,19.53,-98.85,CIMMYT,,7,"EL BATAN, TEXCOCO",,EDO. MEXICO
LANTEO065,CIMMYTMA 8823,249778,8823,65,MEX,PAN,B.73-37,B,73-37,Undetermined spp.,2276,19.53,-98.85,CIMMYT,,7,"EL BATAN, TEXCOCO",,EDO. MEXICO
LANTEO066,CIMMYTMA 8824,249779,8824,66,MEX,PAN,B.73-38,B,73-38,Undetermined spp.,2276,19.53,-98.85,CIMMYT,,7,"EL BATAN, TEXCOCO",,EDO. MEXICO
LANTEO067,CIMMYTMA 8825,249780,8825,67,MEX,PAN,B.73-39,B,73-39,Undetermined spp.,2276,19.53,-98.85,CIMMYT,,7,"EL BATAN, TEXCOCO",,EDO. MEXICO
LANTEO068,CIMMYTMA 8826,249781,8826,68,MEX,PAN,B.73-40,B,73-40,Undetermined spp.,2276,19.53,-98.85,CIMMYT,,7,"EL BATAN, TEXCOCO",,EDO. MEXICO
LANTEO069,CIMMYTMA 8827,249782,8827,69,MEX,PAN,B.73-41,B,73-41,Undetermined spp.,2276,19.53,-98.85,CIMMYT,,7,"EL BATAN, TEXCOCO",,EDO. MEXICO
LANTEO070,CIMMYTMA 8828,249783,8828,70,MEX,PAN,B.73-42,B,73-42,Undetermined spp.,2276,19.53,-98.85,CIMMYT,,7,"EL BATAN, TEXCOCO",,EDO. MEXICO
LANTEO071,CIMMYTMA 8829,249784,8829,71,MEX,PAN,B.73-43,B,73-43,Undetermined spp.,2276,19.53,-98.85,CIMMYT,,7,"EL BATAN, TEXCOCO",,EDO. MEXICO
LANTEO072,CIMMYTMA 8830,249785,8830,72,MEX,PAN,B.73-44,B,73-44,Undetermined spp.,2276,19.53,-98.85,CIMMYT,,7,"EL BATAN, TEXCOCO",,EDO. MEXICO
LANTEO073,CIMMYTMA 8831,249786,8831,73,MEX,PAN,B.73-45,B,73-45,Undetermined spp.,2276,19.53,-98.85,CIMMYT,,7,"EL BATAN, TEXCOCO",,EDO. MEXICO
LANTEO074,CIMMYTMA 8832,249787,8832,74,MEX,PAN,B.73-46,B,73-46,Undetermined spp.,2276,19.53,-98.85,CIMMYT,,7,"EL BATAN, TEXCOCO",,EDO. MEXICO
LANTEO075,CIMMYTMA 8833,249788,8833,75,MEX,PAN,B.73-47,B,73-47,Undetermined spp.,2276,19.53,-98.85,CIMMYT,,7,"EL BATAN, TEXCOCO",,EDO. MEXICO
LANTEO076,CIMMYTMA 8834,249789,8834,76,MEX,PAN,B.73-48,B,73-48,Undetermined spp.,2276,19.53,-98.85,CIMMYT,,7,"EL BATAN, TEXCOCO",,EDO. MEXICO
LANTEO077,CIMMYTMA 8835,249790,8835,77,MEX,PAN,B.73-49,B,73-49,Undetermined spp.,2276,19.53,-98.85,CIMMYT,,7,"EL BATAN, TEXCOCO",,EDO. MEXICO
LANTEO078,CIMMYTMA 8836,249791,8836,78,MEX,PAN,B.73-50,B,73-50,Undetermined spp.,2276,19.53,-98.85,CIMMYT,,7,"EL BATAN, TEXCOCO",,EDO. MEXICO
LANTEO079,CIMMYTMA 9477,250383,9477,79,MEX,MEX,TEO:.BALSAS,ZEA,PARVIG,Zea mays subsp. parviglumis,1581,19.68,-103.51,CIMMYT,,7,"CERRO LA MESA, LOS DATILES, MCPIO. EL LIMON",,Jalisco
LANTEO080,CIMMYTMA 9478,250384,9478,80,GTM,GTM,TEO:.GUATE,ZEA,LUXURI,Undetermined spp.,791,14.63,-89.63,CIMMYT,GUATEM,7,2 KM. NORTE DE IPALA ON ROAD TO CHIQUIMULA,CHIQUIMULA,
LANTEO081,CIMMYTMA 13451,252580,11083,81,NIC,GTM,ILTIS.30919,ZEA,LUXURI,Zea nicaraguensis,41,12.90048,-86.926235,Mod. Sergio,,7,RANCHO APACUNCA,CHINANDEGA,
LANTEO082,CIMMYTMA 13531,252656,11352,82,MEX,MEX,K.65-2,K,65-2,Zea mays subsp. mexicana,2365,19.22,-98.8,CIMMYT,CHALCO,7,"MIRAFLORES, CHALCO",,EDO. MEXICO
LANTEO083,CIMMYTMA 13533,252658,11354,83,MEX,MEX,K.67-9,K,67-9,Zea mays subsp. parviglumis,914,18.39,-100.15,CIMMYT,BALSAS,7,"ALCHOLA (KM. 11TELOLOAPAN-ARCELIA), TELOLOAPA",,GUERRERO
LANTEO084,CIMMYTMA 13534,252659,11355,84,MEX,MEX,K.67-10,K,67-10,Zea mays subsp. parviglumis,1364,18.4,-99.9,CIMMYT,BALSAS,7,KM. 25 TELOLOAPAN-ARCELIA,,GUERRERO
LANTEO085,CIMMYTMA 13535,252660,11356,85,MEX,MEX,K.67-11,K,67-11,Zea mays subsp. parviglumis,1233,18.42,-100.07,CIMMYT,BALSAS,7,"KM. 40 TELOLOAPAN-ARCELIA, ACAPETLAHUAYA",,GUERRERO
LANTEO086,CIMMYTMA 13536,252661,11357,86,MEX,MEX,K.67-13,K,67-13,Zea mays subsp. parviglumis,300,18.820556,-100.954167,Mod. Sergio,BALSAS,7,"QUENCHANDIO KM.24 HUETAMO-MORELIA, HUETAMO",,MICHOACAN
LANTEO087,CIMMYTMA 13537,252662,11358,87,MEX,MEX,K.67-16,K,67-16,Zea mays subsp. parviglumis,1348,18.9,-100.15,CIMMYT,BALSAS,7,KM. 112 TOLUCA-TEJUPILCO-LUVIANOS,,EDO. MEXICO
LANTEO088,CIMMYTMA 13538,252663,11359,88,MEX,MEX,K.67-18,K,67-18,Zea mays subsp. parviglumis,1348,18.9,-100.15,CIMMYT,BALSAS,7,KM. 151 TOLUCA-TEJUPILCO-LUVIANOS,,EDO. MEXICO
LANTEO089,CIMMYTMA 13539,252664,11360,89,MEX,MEX,K.67-19,K,67-19,Zea mays subsp. parviglumis,1348,18.9,-100.15,CIMMYT,BALSAS,7,KM. 168 TOLUCA-TEJUPILCO-LUVIANOS,,EDO. MEXICO
LANTEO090,CIMMYTMA 13540,252665,11361,90,MEX,MEX,K.67-25,K,67-25,Zea mays subsp. parviglumis,1313,19.31,-100.44,CIMMYT,BALSAS,7,"KM. 37 ZITACUARO-TUZANTLA, BENITO JUAREZ",,MICHOACAN
LANTEO091,CIMMYTMA 13541,252666,11362,91,MEX,MEX,K.68-3,K,68-3,Zea mays subsp. mexicana,2240,19.238766,-99.033513,Mod. Sergio,CHALCO,7,XOCHIMILCO,,DISTRITO FEDERAL
LANTEO092,CIMMYTMA 13542,252667,11363,92,MEX,MEX,K.68-4,K,68-4,Zea mays subsp. mexicana,2247,19.25,-98.88,CIMMYT,CHALCO,7,CHALCO,,EDO. MEXICO
LANTEO093,CIMMYTMA 13544,252669,11365,93,MEX,MEX,K.69-1,K,69-1,Zea mays subsp. mexicana,1726,20.74,-101.93,CIMMYT,M CENTR,7,MANUEL DOBLADO,,Guanajuato
LANTEO094,CIMMYTMA 13546,252671,11367,94,MEX,MEX,K.69-5,K,69-5,Zea mays subsp. mexicana,1851,19.9,-101.33,CIMMYT,M CENTR,7,CHUCANDIRO (POTRERO DE CAPULINES),,MICHOACAN
LANTEO095,CIMMYTMA 13547,252672,11368,95,MEX,MEX,K.69-6,K,69-6,Zea mays subsp. mexicana,1938,19.88,-101.22,CIMMYT,M CENTR,7,COPANDARO-CHUCANDIRO,,MICHOACAN
LANTEO096,CIMMYTMA 13548,252673,11369,96,MEX,MEX,K.69-7,K,69-7,Zea mays subsp. mexicana,1810,20.174642,-101.170985,Mod. Sergio,M CENTR,7,URIANGATO-MOROLEON,,Guanajuato
LANTEO097,CIMMYTMA 13549,252674,11370,97,MEX,MEX,K.69-8,K,69-8,Zea mays subsp. mexicana,1900,20.084954,-101.514718,Mod. Sergio,M CENTR,7,PURUANDIRO,,MICHOACAN
LANTEO098,CIMMYTMA 13550,252675,11371,98,MEX,MEX,K.69-9,K,69-9,Zea mays subsp. mexicana,1900,20.084954,-101.514718,Mod. Sergio,M CENTR,7,PURUANDIRO,,MICHOACAN
LANTEO099,CIMMYTMA 13553,252678,11374,99,MEX,MEX,K.69-12,K,69-12,Zea mays subsp. mexicana,2294,19.348323,-98.853066,Mod. Sergio,CHALCO,7,"SAN FRANCISCO ACUAUTLA, IXTAPALUCA",,EDO. MEXICO
LANTEO100,CIMMYTMA 13555,252680,11376,100,MEX,MEX,K.69-14,K,69-14,Zea mays subsp. parviglumis,1037,17.48,-99.4,CIMMYT,BALSAS,7,"EL RINCON (MEXICO-ACAPULCO KM. 130), MOCHITLA",,GUERRERO
LANTEO101,CIMMYTMA 13556,252681,11377,101,MEX,N/A,TEOSIN.69-15,TEOSIN,69-15,Zea mays subsp. mexicana,2365,19.22,-98.8,CIMMYT,CHALCO,7,"MIRAFLORES, CHALCO",,EDO. MEXICO
LANTEO102,CIMMYTMA 13557,252682,11378,102,MEX,N/A,TEOSIN.62-87,TEOSIN,62-87,Zea mays subsp. mexicana,212,16.91,-99.18,CIMMYT,,7,,,GUERRERO
LANTEO103,CIMMYTMA 13561,252686,11382,106,MEX,N/A,TEOSIN.64-1,TEOSIN,64-1,Zea mays subsp. mexicana,2484,19.13,-98.77,CIMMYT,CHALCO,7,"AMECAMECA, CRUZ VERDE",,EDO. MEXICO
LANTEO104,CIMMYTMA 13562,252687,11383,107,MEX,N/A,TEOSIN.62-?,TEOSIN,62-?,Zea mays subsp. mexicana,2271,19.4,-98.89,CIMMYT,CHALCO,7,LOS REYES,,EDO. MEXICO
LANTEO105,CIMMYTMA 13564,252689,11385,108,MEX,N/A,TEOSIN.62-?,TEOSIN,62-?,Zea mays subsp. mexicana,2255,19.25,-98.85,CIMMYT,CHALCO,7,"AMECAMECA, CHALCO",,EDO. MEXICO
LANTEO106,CIMMYTMA 13566,252691,11387,109,MEX,MEX,W.S.T..85-2,W.S.T.,85-2,Zea mays subsp. mexicana,2372,26.1,-106.96,CIMMYT,NOBOGA,7,"GUADALUPE Y CALVO, NOBOGAME",,CHIHUAHUA
LANTEO107,CIMMYTMA 13567,252692,11388,110,MEX,MEX,W.S.T. 85-3,W.S.T.,85-3,Zea mays subsp. parviglumis,1094,16.327006,-97.041712,Mod. Sergio,BALSAS,7,SN. CRISTOBAL DE HONDURAS 5KM. DE SN. PEDRO J,,OAXACA
LANTEO108,CIMMYTMA 13568,252693,11389,111,MEX,MEX,E 86-1,E,86-1,Zea mays subsp. mexicana,2247,19.25,-98.88,CIMMYT,CHALCO,7,CHALCO,,EDO. MEXICO
LANTEO109,CIMMYTMA 13569,252694,11390,112,MEX,MEX,E.86-2,E,86-2,Zea mays subsp. mexicana,2538,19.09,-98.87,CIMMYT,CHALCO,7,"JUCHITEPEC, CHALCO",,EDO. MEXICO
LANTEO110,CIMMYTMA 13570,252695,11391,113,MEX,MEX,E.86-3,E,86-3,Zea mays subsp. mexicana,2255,19.25,-98.85,CIMMYT,CHALCO,7,"AMECAMECA, CHALCO",,EDO. MEXICO
LANTEO111,CIMMYTMA 13571,252696,11392,114,MEX,MEX,W.S.T..92-1,W.S.T.,92-1,Zea mays subsp. mexicana,1864,24.01526,-104.490531,Mod. Sergio,DURANGO,7,PUENTE GAVILANES,,DURANGO
LANTEO112,CIMMYTMA 13573,252698,11394,115,MEX,MEX,W.S.T..92-3,W.S.T.,92-3,Zea mays subsp. mexicana,1705,20.09871,-101.936172,Mod. Sergio,C PLATE,7,PENJAMILLO DE DEGOLLADO,,MICHOACAN
LANTEO113,CIMMYTMA 13574,252699,11395,116,MEX,MEX,W.S.T..92-4,W.S.T.,92-4,Zea mays subsp. mexicana,1845,19.98,-101.17,CIMMYT,M CENTR,7,CUITZEO,,MICHOACAN
LANTEO114,CIMMYTMA 13575,252700,11396,117,MEX,MEX,W.S.T..92-5,W.S.T.,92-5,Zea mays subsp. mexicana,1810,20.174642,-101.170985,Mod. Sergio,C PLATE,7,URIANGATO-MOROLEON,,Guanajuato
LANTEO115,CIMMYTMA 13576,252701,11397,118,MEX,MEX,W.S.T..92-6,W.S.T.,92-6,Zea mays subsp. mexicana,2020,19.68,-100.5,CIMMYT,C PLATE,7,CIUDAD HIDALGO,,MICHOACAN
LANTEO116,CIMMYTMA 13577,252702,11398,119,MEX,MEX,W.S..92-7,W.S.,92-7,Zea mays subsp. mexicana,2236,19.27,-98.92,CIMMYT,CHALCO,7,"LA PALA, CHALCO",,EDO. MEXICO
LANTEO117,CIMMYTMA 13578,252703,11399,120,MEX,MEX,W.S..92-8,W.S.,92-8,Zea mays subsp. mexicana,2478,19.089078,-98.784342,Mod. Sergio,CHALCO,7,SAN ANTONIO MCPIO. AMECAMECA,,EDO. MEXICO
LANTEO118,CIMMYTMA 13579,252704,11400,121,MEX,MEX,W.S..92-9,W.S.,92-9,Zea mays subsp. mexicana,2271,19.4,-98.89,CIMMYT,CHALCO,7,LOS REYES LA PAZ,,EDO. MEXICO
LANTEO119,CIMMYTMA 13580,252705,11401,122,MEX,MEX,W.S..92-10,W.S.,92-10,Zea mays subsp. parviglumis,1087,18.222818,-99.207832,Mod. Sergio,BALSAS,7,"PASO MORELOS, HUITZUCO",,GUERRERO
LANTEO120,CIMMYTMA 13581,252706,11402,123,MEX,MEX,W.S..92-11,W.S.,92-11,Zea mays subsp. parviglumis,1233,18.39,-100.12,CIMMYT,BALSAS,7,"AMATES GRANDES CRUCERO, ACAPETLAHUAYA",,GUERRERO
LANTEO121,CIMMYTMA 13583,252708,11404,124,MEX,MEX,W.S..92-13,W.S.,92-13,Zea mays subsp. parviglumis,788,18.692716,-100.368074,Mod. Sergio,BALSAS,7,"PALMAR CHICO, AMATEPEC",,EDO. MEXICO
LANTEO122,CIMMYTMA 13584,252709,11405,125,MEX,MEX,W.S..92-14,W.S.,92-14,Zea mays subsp. parviglumis,1353,19.183626,-100.260289,Mod. Sergio,BALSAS,7,"STO. TOMAS DE LOS PLATANOS, MEX.",,EDO. MEXICO
LANTEO123,CIMMYTMA 13585,252710,11406,126,MEX,MEX,W.S..92-15,W.S.,92-15,Zea mays subsp. parviglumis,1313,19.31,-100.44,CIMMYT,BALSAS,7,"KM. 43 TUZANTL , BENITO JUAREZ",,MICHOACAN
LANTEO124,CIMMYTMA 13586,252711,11407,127,MEX,MEX,W.S..92-16,W.S.,92-16,Zea mays subsp. parviglumis,1570,19.414584,-100.835048,Mod. Sergio,BALSAS,7,PASO ANCHO TEMASCAL-TZITZIO,,MICHOACAN
LANTEO125,CIMMYTMA 13587,252712,11408,128,MEX,MEX,W.S..92-17,W.S.,92-17,Zea mays subsp. mexicana,2236,19.412151,-101.606577,Mod. Sergio,C PLATE,7,"VILLA ESCALANTE, OPOPEO",,MICHOACAN
LANTEO126,CIMMYTMA 14976,253933,12823,129,MEX,MEX,T.K.R..93-3,T.K.R.,93-3,Zea mays subsp. mexicana,2261,19.221493,-98.89012,Mod. Sergio,CHALCO,7,"SANTIAGO ZULA, CHALCO",,EDO. MEXICO
LANTEO127,CIMMYTMA 14977,253934,12824,130,MEX,MEX,T.K.R. 93-2,T.K.R.,93-2,Zea mays subsp. mexicana,2694,19.28,-99.67,CIMMYT,CHALCO,7,"EJIDO MEXICALCINGO, TOLUCA",,EDO. MEXICO
LANTEO128,CIMMYTMA 14978,253935,12825,131,MEX,MEX,T.K.R. 93-1,T.K.R.,93-1,Zea mays subsp. mexicana,1847,19.899207,-101.164202,Mod. Sergio,C PLATE,7,"SAN AGUSTIN DEL MAIZ, COPANDARO",,MICHOACAN
LANTEO129,CIMMYTMA 16790,255513,13788,132,MEX,MEX,JSG.311,JSG,311,Zea mays subsp. mexicana,2455,19.07,-97.53,CIMMYT,CHALCO,7,EJ. SANTA CRUZ KM.2 CAMINO A CD. SERDAN DE A.,"SAN JUAN ATENCO,PUEBLA",PUEBLA
LANTEO130,CIMMYTMA 16791,255514,13789,133,MEX,MEX,JSG.313,JSG,313,Zea mays subsp. mexicana,2455,19.07,-97.53,CIMMYT,CHALCO,7,EJ. SAN ANTONIO KM.5 CAMINO A CD. SERDAN DE A,"SAN JUAN ATENCO,PUEBLA",PUEBLA
LANTEO131,CIMMYTMA 16792,255515,13790,134,MEX,MEX,JSG.316,JSG,316,Zea mays subsp. mexicana,2373,19.15,-97.65,CIMMYT,CHALCO,7,KM.3 SAN SALVADOR EL SECO CIUDAD SERDAN,"SN SALVADOR EL SECO,P.",
LANTEO132,CIMMYTMA 16793,255516,13791,135,MEX,MEX,JSG.317,JSG,317,Zea mays subsp. mexicana,2373,19.15,-97.65,CIMMYT,CHALCO,7,KM.11 SAN SALVADOR EL SECO-TLACHICHUCA,"SN SALVADOR EL SECO,P.",
LANTEO133,CIMMYTMA 16794,255517,13792,136,MEX,MEX,JSG.318,JSG,318,Zea mays subsp. mexicana,2595,19.27,-99.45,CIMMYT,CHALCO,7,"EL PEDREGAL GPE.VICTORIA,KM.2 CAM. A MEXICALT","OCOYOACAC, MEXICO",EDO. MEXICO
LANTEO134,CIMMYTMA 16795,255518,13793,137,MEX,MEX,JSG.319,JSG,319,Zea mays subsp. mexicana,2583,19.2,-99.55,CIMMYT,CHALCO,7,CHAPULTEPEC (TERRENO LA GILA),"CHAPULTEPEC, MEXICO",EDO. MEXICO
LANTEO135,CIMMYTMA 29059,265258,27215,138,MEX,MEX,MGB-CI 1,MGB-CI,1,Zea mays subsp. mexicana,2276,19.53,-98.85,CIMMYT,CHALCO,7,LA PURIFICACION (EJIDO LA PURIFICACION),TEXCOCO,EDO. MEXICO
LANTEO136,CIMMYTMA 29060,265259,27216,139,MEX,MEX,MGB-CI 2,MGB-CI,2,Zea mays subsp. mexicana,2267,19.550838,-98.863149,Mod. Sergio,CHALCO,7,PENTECOSTES (PREDIO TIERRA ANCHA),TEXCOCO,EDO. MEXICO
LANTEO137,CIMMYTMA 29061,265260,27217,140,MEX,MEX,MGB-CI 3,MGB-CI,3,Zea mays subsp. mexicana,2247,19.494158,-98.902444,Mod. Sergio,CHALCO,7,SAN MARTIN NETZAHUALCOYOTL (BOYEROS),TEXCOCO,EDO. MEXICO
LANTEO138,CIMMYTMA 29062,265261,27218,141,MEX,MEX,MGB-CI 4,MGB-CI,4,Zea mays subsp. mexicana,2428,19.490626,-98.831625,Mod. Sergio,CHALCO,7,SAN DIEGUITO (EJIDOS),TEXCOCO,EDO. MEXICO
LANTEO139,CIMMYTMA 29063,265262,27219,142,MEX,MEX,MGB-CI 5,MGB-CI,5,Zea mays subsp. mexicana,2250,19.55,-98.9,CIMMYT,CHALCO,7,EJIDOS DE ATENCO,ATENCO,
LANTEO140,CIMMYTMA 29064,265263,27220,143,MEX,MEX,MGB-CI 6,MGB-CI,6,Zea mays subsp. mexicana,2501,19.12,-98.75,CIMMYT,CHALCO,7,AMECAMECA,AMECAMECA,
LANTEO141,CIMMYTMA 29065,265264,27221,144,MEX,MEX,MGB-CI 7,MGB-CI,7,Zea mays subsp. mexicana,2345,19.22,-98.85,Mod. Sergio,CHALCO,7,SAN ANDRES METLA (EJIDO),COCOTITLAN,
LANTEO142,CIMMYTMA 29066,265265,27222,145,MEX,MEX,MGB-CI 8,MGB-CI,8,Zea mays subsp. mexicana,2286,19.22,-98.85,CIMMYT,CHALCO,7,COCOTITLAN (PRDIO PIEDRA ANCHA),COCOTITLAN,
LANTEO143,CIMMYTMA 29067,265266,27223,146,MEX,MEX,MGB-CI 9,MGB-CI,9,Zea mays subsp. mexicana,2462,19.07,-98.83,CIMMYT,CHALCO,7,CUIJINGO (EJIDO EL PLAN),JUCHITEPEC,
LANTEO144,CIMMYTMA 29069,265268,27225,147,MEX,MEX,MGB-CI 11,MGB-CI,11,Zea mays subsp. mexicana,2440,19.12,-98.82,CIMMYT,CHALCO,7,AYAPANGO (EJIDO BAUTISTA),AYAPANGO,
LANTEO145,CIMMYTMA 29070,265269,27226,148,MEX,MEX,MGB-CI 12,MGB-CI,12,Zea mays subsp. mexicana,2411,19.14516,-98.857792,Mod. Sergio,CHALCO,7,SANTIAGO TEPOPULA,TENENGO DE LAIRE,
LANTEO146,CIMMYTMA 29071,265270,27227,149,MEX,MEX,MGB-CI 13,MGB-CI,13,Zea mays subsp. mexicana,2257,19.21455,-98.910877,Mod. Sergio,CHALCO,7,SAN PABLO,CHALCO,
LANTEO147,CIMMYTMA 29072,265271,27228,150,MEX,MEX,MGB-CI 14,MGB-CI,14,Zea mays subsp. mexicana,2580,19.38,-99.52,CIMMYT,CHALCO,7,EL ESPINO,XONACATLAN,
LANTEO148,CIMMYTMA 29073,265272,27229,151,MEX,MEX,MGB-CI 15,MGB-CI,15,Zea mays subsp. mexicana,2580,19.39,-99.51,CIMMYT,CHALCO,7,EJIDO SAN JOSE DEL LLANITO,XONACATLAN,
LANTEO149,CIMMYTMA 29074,265273,27230,152,MEX,MEX,MGB-CI 16,MGB-CI,16,Zea mays subsp. mexicana,2623,19.16,-99.59,CIMMYT,CHALCO,7,COLONIA GUADALUPE,RAYON,
LANTEO150,CIMMYTMA 29075,265274,27231,153,MEX,MEX,MGB-CI 17,MGB-CI,17,Zea mays subsp. mexicana,2713,19.15,-99.62,CIMMYT,CHALCO,7,CALIMAYA (RANCHO LA GRANJA),CALIMAYA,
LANTEO151,CIMMYTMA 29076,265275,27232,154,MEX,MEX,MGB-CI 18,MGB-CI,18,Zea mays subsp. mexicana,2833,19.33,-99.92,CIMMYT,CHALCO,7,EJIDO DE CHAPULTEPEC,CHAPULTEPEC,
LANTEO152,CIMMYTMA 29077,265276,27233,155,MEX,MEX,MGB-CI 19,MGB-CI,19,Zea mays subsp. mexicana,2722,19.33,-99.97,CIMMYT,CHALCO,7,EJIDO DE MEXICALCINGO,MEXICALCINGO,
LANTEO153,CIMMYTMA 29078,265277,27234,156,MEX,MEX,MGB-CI 20,MGB-CI,20,Zea mays subsp. mexicana,2574,19.3,-99.51,CIMMYT,CHALCO,7,BARRIO DE SAN FRANCISCO,SAN MATEO ETENCO,
LANTEO154,CIMMYTMA 29079,265278,27235,157,MEX,MEX,MGB-CI 21,MGB-CI,21,Zea mays subsp. mexicana,2583,19.23233,-99.54502,Mod. Sergio,CHALCO,7,SAN SEBASTIAN (EJIDO),METEPEC,
LANTEO155,CIMMYTMA 29080,265279,27236,158,MEX,MEX,MGB-CI 22,MGB-CI,22,Zea mays subsp. parviglumis,1269,18.86,-100.15,CIMMYT,BALSAS,7,LA BARRANCA,TEJUPILCO,
LANTEO156,CIMMYTMA 29081,265280,27237,159,MEX,MEX,MGB-CI 23,MGB-CI,23,Zea mays subsp. parviglumis,1241,18.86,-100.15,Mod. Sergio,BALSAS,7,SANTA ROSA (EJIDO),TEJUPILCO,
LANTEO157,CIMMYTMA 29082,265281,27238,160,MEX,MEX,MGB-CI 24,MGB-CI,24,Zea mays subsp. parviglumis,1500,19.073768,-100.254735,Mod. Sergio,BALSAS,7,ZACAZONAPAN (EN EL CERRO),ZACAZONAPAN,
LANTEO158,CIMMYTMA 29083,265282,27239,161,MEX,MEX,MGB-CI 25,MGB-CI,25,Zea mays subsp. parviglumis,1760,18.68,-100.18,CIMMYT,BALSAS,7,EX-HACIENDA SAN MIGUEL IXTAPAN,AMATEPEC,
LANTEO159,CIMMYTMA 29084,265283,27240,162,MEX,MEX,MGB-CI 26,MGB-CI,26,Zea mays subsp. parviglumis,1378,19.073768,-100.254735,Mod. Sergio,BALSAS,7,SANTA MARIA JUNTO AL RIO EN EL POTRERO,ZACAZONAPAN,
LANTEO160,CIMMYTMA 29085,265284,27241,163,MEX,MEX,MGB-CI 27,MGB-CI,27,Zea mays subsp. parviglumis,1340,19.000375,-100.295004,Mod. Sergio,BALSAS,7,ZULUAPAN A LA ENTRADA DE LA COMUNIDAD,SAN MARTIN OTZOLOAPAN,
LANTEO161,CIMMYTMA 29086,265285,27242,164,MEX,MEX,MGB-CI 28,MGB-CI,28,Zea mays subsp. parviglumis,1664,18.363461,-99.855399,Mod. Sergio,BALSAS,7,PARADA EL HUAMUCHIL,TELOLOAPAN,
LANTEO162,CIMMYTMA 29087,265286,27243,165,MEX,MEX,MGB-CI 29,MGB-CI,29,Zea mays subsp. parviglumis,1664,18.363461,-99.855399,Mod. Sergio,BALSAS,7,RANCHOS NUEVOS-CAMINO CACAHUATLAN-LIDICE,TELOLOAPAN,
LANTEO163,CIMMYTMA 29719,265718,27460,166,MEX,MEX,MGB-CI 30,MGB-CI,30,Zea mays subsp. parviglumis,1394,17.45,-99.47,CIMMYT,BALSAS,7,MAZATLAN,CHILPANCINGO,
LANTEO164,CIMMYTMA 29720,265719,27461,167,MEX,MEX,MGB-CI 31,MGB-CI,31,Zea mays subsp. parviglumis,1394,17.45,-99.47,CIMMYT,BALSAS,7,MAZATLAN,CHILPANCINGO,
LANTEO165,CIMMYTMA 29721,265720,27462,168,MEX,MEX,MGB-CI 32,MGB-CI,32,Zea mays subsp. parviglumis,1240,17.41,-99.47,CIMMYT,BALSAS,7,CANADA PALO BLANCO,CHILPANCINGO,
LANTEO166,CIMMYTMA 29722,265721,27463,169,MEX,MEX,MGB-CI 33,MGB-CI,33,Zea mays subsp. parviglumis,365,18.68,-100.89,CIMMYT,BALSAS,7,LA TIRINGUCHA,HUETAMO,
LANTEO167,CIMMYTMA 29723,265722,27464,170,MEX,MEX,MGB-CI 34,MGB-CI,34,Zea mays subsp. parviglumis,510,18.78,-101.26,CIMMYT,BALSAS,7,"LA REDONDA, RANCHO EL POTRERO",HUETAMO,
LANTEO168,CIMMYTMA 29724,265723,27465,171,MEX,MEX,MGB-CI 35,MGB-CI,35,Zea mays subsp. parviglumis,606,18.85,-100.8,CIMMYT,BALSAS,7,LA ESCONDIDA,TIQUICHEO,
LANTEO169,CIMMYTMA 29725,265724,27466,172,MEX,MEX,MGB-CI 36,MGB-CI,36,Zea mays subsp. parviglumis,386,18.903221,-100.737723,Mod. Sergio,BALSAS,7,TIQUICHEO,TIQUICHEO,
LANTEO170,CIMMYTMA 29726,265725,27467,173,MEX,MEX,MGB-CI 37,MGB-CI,37,Zea mays subsp. parviglumis,608,19.22,-100.57,CIMMYT,BALSAS,7,LOS GUAJES,TUZANTLA,
LANTEO171,CIMMYTMA 29727,265726,27468,174,MEX,MEX,MGB-CI 38,MGB-CI,38,Zea mays subsp. parviglumis,1276,19.26353,-100.457906,Mod. Sergio,BALSAS,7,PARICUARO,BENITO JUAREZ,
LANTEO172,CIMMYTMA 29728,265727,27469,175,MEX,MEX,MGB-CI 39,MGB-CI,39,Zea mays subsp. parviglumis,1250,19.214168,-100.407625,Mod. Sergio,BALSAS,7,RANCHO EL CAPULIN,SUSUPUATO,
LANTEO173,CIMMYTMA 29729,265728,27470,176,MEX,MEX,MGB-CI 40,MGB-CI,40,Zea mays subsp. parviglumis,,,,Mod. Sergio,BALSAS,7,SANTA ANA,BENITO JUAREZ,
LANTEO174,CIMMYTMA 29730,265729,27471,177,MEX,MEX,MGB-CI 41,MGB-CI,41,Zea mays subsp. parviglumis,2053,19.689659,-100.549056,Mod. Sergio,C PLATE,7,SAN JOSE IRAPEO,CIUDAD HIDALGO,
LANTEO175,CIMMYTMA 29731,265730,27472,178,MEX,MEX,MGB-CI 42,MGB-CI,42,Zea mays subsp. parviglumis,1670,19.58555,-100.92388,Mod. Sergio,BALSAS,7,"TZITZIO, QUERETANILLO",TZITZIO,
LANTEO176,CIMMYTMA 29732,265731,27473,179,MEX,MEX,MGB-CI 43,MGB-CI,43,Zea mays subsp. parviglumis,2004,19.69,-101.08,CIMMYT,C PLATE,7,JARIPEO,MORELIA,
LANTEO177,CIMMYTMA 29733,265732,27474,180,MEX,MEX,MGB-CI 44,MGB-CI,44,Zea mays subsp. parviglumis,1796,18.65,-99.85,CIMMYT,BALSAS,7,"EL PARAJE, LLANO GRANDE",HUITZUCO,
LANTEO178,CIMMYTMA 29734,265733,27475,181,MEX,MEX,MGB-CI 45,MGB-CI,45,Zea mays subsp. parviglumis,1664,18.363461,-99.855399,Mod. Sergio,BALSAS,7,RINCON DE JUMAPA,TELOLOAPAN,
LANTEO179,CIMMYTMA 29735,265734,27476,182,MEX,MEX,MGB-CI 46,MGB-CI,46,Zea mays subsp. parviglumis,1175,18.42,-100.07,CIMMYT,BALSAS,7,"ACAPETLAHUAYA, CAMINO A OCOTAL EL GRANDE",GENERAL CANUTO A. NERI,
LANTEO180,CIMMYTMA 29736,265735,27477,183,MEX,MEX,MGB-CI 47,MGB-CI,47,Zea mays subsp. parviglumis,1233,18.39,-100.12,CIMMYT,BALSAS,7,AMATES GRANDES,GENERAL CANUTO A. NERI,
LANTEO181,CIMMYTMA 29737,265736,27478,184,MEX,MEX,MGB-CI 48,MGB-CI,48,Zea mays subsp. parviglumis,770,18.89099,-100.934415,Mod. Sergio,BALSAS,7,"PASO DE NUNEZ, LA QUINTA",CARACUARO,
LANTEO182,CIMMYTMA 29738,265737,27479,185,MEX,MEX,MGB-CI 49,MGB-CI,49,Undetermined spp.,643,19.02,-101.13,CIMMYT,,7,"CARACUARO DE MORELOS, P. DE BRAZIL",CARACUARO,
LANTEO183,CIMMYTMA 29740,265739,27481,186,MEX,MEX,MGB-CI 51,MGB-CI,51,Zea mays subsp. parviglumis,1145,19.335007,-101.918353,Mod. Sergio,BALSAS,7,"TARETAN, CRUCERO RANCHO DE GUDINO",TARETAN,
LANTEO184,CIMMYTMA 29741,265740,27482,187,MEX,MEX,MGB-CI 52,MGB-CI,52,Zea mays subsp. parviglumis,1847,19.899207,-102.164202,Mod. Sergio,C PLATE,7,SAN AGUSTIN DEL MAIZ,COPANDARO,
LANTEO185,CIMMYTMA 29742,265741,27483,188,MEX,MEX,MGB-CI 53,MGB-CI,53,Zea mays subsp. parviglumis,1848,19.88,-101.2,CIMMYT,C PLATE,7,"ARUMBARO, RANCHO ARUMBARO",COPANDARO,
LANTEO186,CIMMYTMA 29743,265742,27484,189,MEX,MEX,MGB-CI 54,MGB-CI,54,Zea mays subsp. parviglumis,1845,19.98,-101.17,CIMMYT,C PLATE,7,"CUITZEO, CHANDAL",CUITZEO,
LANTEO187,CIMMYTMA 29295,265471,27485,190,NIC,USA,TEOSIN RB-N03,TEOSIN,RB-N03,Zea nicaraguensis,175,12.90048,-86.926235,Mod. Sergio,,7,LA BRISA,CHINANDEGA,
LANTEO188,CIMMYTMA 29296,265472,27486,191,NIC,USA,TEOSIN RB-N04,TEOSIN,RB-N04,Zea nicaraguensis,175,12.90048,-86.926235,Mod. Sergio,,7,LA BRISA,CHINANDEGA,
LANTEO189,CIMMYTMA 29297,265473,27487,192,NIC,USA,TEOSIN RB-N06,TEOSIN,RB-N06,Zea nicaraguensis,175,12.90048,-86.926235,Mod. Sergio,,7,FINCA SANTA PETRONA,CHINANDEGA,
LANTEO190,CIMMYTMA 29298,265474,27488,193,NIC,USA,TEOSIN RB-N07,TEOSIN,RB-N07,Zea nicaraguensis,175,12.90048,-86.926235,Mod. Sergio,,7,FINCA SANTA PETRONA,CHINANDEGA,
LANTEO191,CIMMYTMA 29299,265475,27489,194,NIC,USA,TEOSIN RB-N08,TEOSIN,RB-N08,Zea nicaraguensis,175,12.90048,-86.926235,Mod. Sergio,,7,FINCA SANTA PETRONA,CHINANDEGA,
LANTEO192,CIMMYTMA 29300,265476,27490,195,NIC,USA,TEOSIN RB-N09,TEOSIN,RB-N09,Zea nicaraguensis,175,12.90048,-86.926235,Mod. Sergio,,7,FINCA SANTA PETRONA,CHINANDEGA,
LANTEO193,CIMMYTMA 29301,265477,27491,196,NIC,USA,TEOSIN RB-N10,TEOSIN,RB-N10,Zea nicaraguensis,175,12.90048,-86.926235,Mod. Sergio,,7,FINCA SANTA PETRONA,CHINANDEGA,
LANTEO194,CIMMYTMA 29302,265478,27492,197,NIC,USA,TEOSIN RB-N11,TEOSIN,RB-N11,Zea nicaraguensis,175,12.90048,-86.926235,Mod. Sergio,,7,FINCA SANTA PETRONA,CHINANDEGA,
LANTEO195,CIMMYTMA 29303,265479,27493,198,NIC,USA,TEOSIN RB-N12,TEOSIN,RB-N12,Zea nicaraguensis,175,12.90048,-86.926235,Mod. Sergio,,7,FINCA SANTA PETRONA,CHINANDEGA,
LANTEO196,CIMMYTMA 29305,265481,27495,199,NIC,USA,TEOSIN RB-N14,TEOSIN,RB-N14,Zea nicaraguensis,175,12.90048,-86.926235,Mod. Sergio,,7,FINCA SANTA PETRONA,CHINANDEGA,
LANTEO197,CIMMYTMA 29762,267106,27518,200,MEX,MEX,MGB-CI 57,MGB-CI,57,Zea mays subsp. parviglumis,1200,17.404083,-99.466982,Mod. Sergio,BALSAS,7,"PALO BLANCO, LOTE LA QUEBRADA",CHILPANCINGO,
LANTEO198,CIMMYTMA 29763,267107,27519,201,MEX,MEX,MGB-CI 58,MGB-CI,58,Zea mays subsp. parviglumis,1200,17.404083,-99.466982,Mod. Sergio,BALSAS,7,"PALO BLANCO, LA LOMA",CHILPANCINGO,
LANTEO199,CIMMYTMA 29764,267108,27520,202,MEX,MEX,MGB-CI 59,MGB-CI,59,Zea mays subsp. parviglumis,683,17.26,-99.53,CIMMYT,BALSAS,7,EL OCOTITO,CHILPANCINGO,
LANTEO200,CIMMYTMA 29765,267109,27521,203,MEX,MEX,MGB-CI 60,MGB-CI,60,Zea mays subsp. parviglumis,1664,18.363461,-99.855399,Mod. Sergio,BALSAS,7,"TEXCAL, CARR. TELOLOAPAN-ARCELIA",TELOLOAPAN,
LANTEO201,CIMMYTMA 29766,267110,27522,204,MEX,MEX,MGB-CI 61,MGB-CI,61,Zea mays subsp. parviglumis,315,18.633387,-100.906644,Mod. Sergio,BALSAS,7,POTRERO 2,HUETAMO,
LANTEO202,CIMMYTMA 29767,267111,27523,205,MEX,MEX,MGB-CI 62,MGB-CI,62,Zea mays subsp. parviglumis,315,18.633387,-100.906644,Mod. Sergio,BALSAS,7,PENA PRIETA,HUETAMO,
LANTEO203,CIMMYTMA 29768,267112,27524,206,MEX,MEX,MGB-CI 63,MGB-CI,63,Zea mays subsp. parviglumis,1859,20.2,-102.04,CIMMYT,C PLATE,7,"LA NORA, TERRENO DE AGAVE AZUL",CHURINTZIO,
LANTEO204,CIMMYTMA 29769,267113,27525,207,MEX,MEX,MGB-CI 64,MGB-CI,64,Zea mays subsp. parviglumis,1867,20.14,-102.06,CIMMYT,C PLATE,7,"CHURINTZIO, ORILLA DE LA CARRETERA",CHURINTZIO,
LANTEO205,CIMMYTMA 29770,267114,27526,208,MEX,MEX,MGB-CI 65,MGB-CI,65,Zea mays subsp. parviglumis,1817,20.13,-102.09,CIMMYT,C PLATE,7,"LA HIGUERA, SAN ISIDRO VISTAHERMOSA",CHURINTZIO,
LANTEO206,CIMMYTMA 29771,267115,27527,209,MEX,MEX,MGB-CI 66,MGB-CI,66,Zea mays subsp. parviglumis,1859,20.2,-102.04,Mod. Sergio,C PLATE,7,"TORRECILLAS, CARR. CHURINTZIO-CARAPAN",CHURINTZIO,
LANTEO207,CIMMYTMA 29772,267116,27528,210,MEX,MEX,MGB-CI 67,MGB-CI,67,Zea mays subsp. parviglumis,1705,20.09871,-101.936172,Mod. Sergio,C PLATE,7,PENJAMILLO DE DEGOLLADO,PENJAMILLO,
LANTEO208,CIMMYTMA 29773,267117,27529,211,MEX,MEX,MGB-CI 68,MGB-CI,68,Zea mays subsp. parviglumis,1682,19.952655,-102.437102,Mod. Sergio,C PLATE,7,PUERTO SAN LUCAS,TANGAMANDAPIO,
LANTEO209,CIMMYTMA 29774,267118,CIMMYTMA-BANK 27530,212,MEX,MEX,MGB-CI 69,MGB-CI,69,Zea mays subsp. parviglumis,704,19.59,-103.96,CIMMYT,C PLATE,7,"EL RODEO, LADERA EL ARCO",TOLIMAN,
LANTEO210,CIMMYTMA 29775,267119,CIMMYTMA-BANK 27531,213,MEX,MEX,MGB-CI 70,MGB-CI,70,Zea mays subsp. parviglumis,1535,20.15,-102.38,CIMMYT,C PLATE,7,EL SALITRE,IXTLAN DE LOS HERVORES,
LANTEO211,CIMMYTMA 29776,267120,CIMMYTMA-BANK 27532,214,MEX,MEX,MGB-CI 71,MGB-CI,71,Zea mays subsp. parviglumis,1912,20.17,-102.03,CIMMYT,C PLATE,7,JALAPA,ZINAPARO,
LANTEO212,CIMMYTMA 29777,267121,CIMMYTMA-BANK 27533,215,MEX,MEX,MGB-CI 72,MGB-CI,72,Zea mays subsp. parviglumis,1800,19.99,-101.75,CIMMYT,C PLATE,7,KM.336 + 800m.AUTOPISTA GUADALAJARA-MORELIA,PANINDICUARO,
LANTEO213,CIMMYTMA 29778,267122,CIMMYTMA-BANK 27534,216,MEX,MEX,MGB-CI 73,MGB-CI,73,Zea mays subsp. parviglumis,1620,20.549388,-102.611356,Mod. Sergio,BALSAS,7,SAN ANTONIO DE FERNANDEZ,ATOTONILCO,
LANTEO214,CIMMYTMA 29779,267123,CIMMYTMA-BANK 27535,217,MEX,MEX,MGB-CI 74,MGB-CI,74,Zea mays subsp. parviglumis,1552,20.326035,-102.592733,Mod. Sergio,BALSAS,7,SAN JOSE DE LAS MORAS,LA BARCA,
LANTEO215,CIMMYTMA 29780,267124,CIMMYTMA-BANK 27536,218,MEX,MEX,MGB-CI 75,MGB-CI,75,Zea mays subsp. parviglumis,416,19.69,-104.61,Mod. Sergio,BALSAS,7,TEPOPOTE,VILLA PURIFICACION,
LANTEO216,CIMMYTMA 29781,267125,CIMMYTMA-BANK 27537,219,MEX,MEX,MGB-CI 76,MGB-CI,76,Zea mays subsp. parviglumis,420,19.69,-104.61,CIMMYT,BALSAS,7,LOS CIMIENTOS,VILLA PURIFICACION,
LANTEO217,CIMMYTMA 29782,267126,CIMMYTMA-BANK 27538,220,MEX,MEX,MGB-CI 77,MGB-CI,77,Zea mays subsp. parviglumis,1087,18.222818,-99.207832,Mod. Sergio,BALSAS,7,PASO MORELOS,HUITZUCO,
LANTEO218,CIMMYTMA 29783,267127,CIMMYTMA-BANK 27539,221,MEX,MEX,MGB-CI 78,MGB-CI,78,Zea mays subsp. parviglumis,1877,18.48,-99.78,CIMMYT,BALSAS,7,11 KM. IXCATEOPAN-PACHIVIA,IXCATEOPAN,
LANTEO219,CIMMYTMA 29784,267128,CIMMYTMA-BANK 27540,222,MEX,MEX,MGB-CI 79,MGB-CI,79,Zea mays subsp. parviglumis,770,18.89099,-100.934415,Mod. Sergio,BALSAS,7,PASO DEL COYOTE,CARACUARO,
LANTEO220,CIMMYTMA 29785,267129,CIMMYTMA-BANK 27541,223,MEX,MEX,MGB-CI 80,MGB-CI,80,Zea mays subsp. parviglumis,1535,19.226272,-101.459685,Mod. Sergio,C PLATE,7,PASO MORELOS,TACAMBARO,
LANTEO221,CIMMYTMA 29786,267130,CIMMYTMA-BANK 27542,224,MEX,MEX,MGB-CI 81,MGB-CI,81,Zea mays subsp. mexicana,2236,19.412151,-101.606577,Mod. Sergio,CHALCO,7,RANCHO DE LA LAGUNA,OPOPEO,
LANTEO222,CIMMYTMA 29787,267131,CIMMYTMA-BANK 27543,225,MEX,MEX,MGB-CI 82,MGB-CI,82,Zea mays subsp. mexicana,2151,20.002082,-101.412832,Mod. Sergio,CHALCO,7,RINCON DE DON PEDRO,VILLA MORELOS,
LANTEO223,CIMMYTMA 29788,267132,CIMMYTMA-BANK 27544,226,MEX,MEX,MGB-CI 83,MGB-CI,83,Zea mays subsp. parviglumis,1900,20.084954,-101.514718,Mod. Sergio,C PLATE,7,PURUANDIRO (ENTRADA DE PURUANDIRO),PURUANDIRO,
LANTEO224,CIMMYTMA 29789,267133,CIMMYTMA-BANK 27545,227,MEX,MEX,MGB-CI 84,MGB-CI,84,Zea mays subsp. parviglumis,935,20.85,-104.42,CIMMYT,BALSAS,7,LA ESTANCIA DE LOS LOPEZ,AMATLAN DE CANAS,
LANTEO225,CIMMYTMA 29790,267134,CIMMYTMA-BANK 27546,228,MEX,MEX,MGB-CI 85,MGB-CI,85,Zea mays subsp. parviglumis,1519,20.58,-104.37,Mod. Sergio,BALSAS,7,TEPUZHUACAN-EL TABLILLO,GUACHINANGO,
LANTEO226,CIMMYTMA 29791,267135,CIMMYTMA-BANK 27547,229,MEX,MEX,MGB-CI 86,MGB-CI,86,Zea mays subsp. parviglumis,1236,20.55,-104.01,CIMMYT,BALSAS,7,"LA VILLITA, EJIDO JUNTO AL RIO",AMECA,
LANTEO227,CIMMYTMA 29792,267136,CIMMYTMA-BANK 27548,230,MEX,MEX,MGB-CI 87,MGB-CI,87,Zea mays subsp. parviglumis,1126,19.89,-104.17,CIMMYT,BALSAS,7,CUYO TOMATE,EJUTLA,
LANTEO228,CIMMYTMA 29793,267137,CIMMYTMA-BANK 27549,231,MEX,MEX,MGB-CI 88,MGB-CI,88,Zea mays subsp. parviglumis,1160,19.96,-104.05,CIMMYT,BALSAS,7,LA MESA (EJIDO LAS MESAS),EJUTLA,
LANTEO229,CIMMYTMA 29794,267138,CIMMYTMA-BANK 27550,232,MEX,MEX,MGB-CI 89,MGB-CI,89,Zea mays subsp. parviglumis,1057,19.92,-104.09,CIMMYT,BALSAS,7,LOS NARANJOS (POTRERO LAS MESITAS),EJUTLA,
LANTEO230,CIMMYTMA 29795,267139,CIMMYTMA-BANK 27551,233,MEX,MEX,MGB-CI 90,MGB-CI,90,Zea mays subsp. parviglumis,1123,19.89,-104.16,CIMMYT,BALSAS,7,EJUTLA,EJUTLA,
LANTEO231,CIMMYTMA 29796,267140,CIMMYTMA-BANK 27552,234,MEX,MEX,MGB-CI 91,MGB-CI,91,Zea mays subsp. parviglumis,1519,20.58,-104.37,CIMMYT,BALSAS,7,EL TABLILLO,GUACHINANGO,
LANTEO232,CIMMYTMA 29797,267141,CIMMYTMA-BANK 27553,235,MEX,MEX,MGB-CI 92,MGB-CI,92,Zea mays subsp. parviglumis,1121,19.89,-104.17,CIMMYT,BALSAS,7,DESVIACION UNION DE TULA-EL GRULLO,EJUTLA,
LANTEO233,CIMMYTMA 29798,267142,CIMMYTMA-BANK 27554,236,MEX,MEX,MGB-CI 93,MGB-CI,93,Zea mays subsp. parviglumis,717,19.39,-104.05,CIMMYT,BALSAS,7,EL SAUZ,MINATITLAN,
LANTEO234,CIMMYTMA 29799,267143,CIMMYTMA-BANK 27555,237,MEX,MEX,MGB-CI 94,MGB-CI,94,Zea mays subsp. parviglumis,1094,16.327006,-97.041712,Mod. Sergio,BALSAS,7,SAN CRISTOBAL HONDURAS,SAN JERONIMO COATLAN,
LANTEO235,CIMMYTMA 30082,267495,CIMMYTMA-BANK 27907,238,MEX,MEX,MGB-CI 95,MGB-CI,95,Zea luxurians,121,17.882696,-96.527124,Mod. Sergio,LUXURIA,7,"SAN FELIPE USILA, ARROYO TAMBOR",OAXACA,
LANTEO236,ANNA2,,,,,,ANNA2,,,Zea mays subsp. mexicana,2507,19.21173915,-99.12695671,Anna O'Brien,,,SanFranciscoPedregal,,
LANTEO237,ANNA3,,,,,,ANNA3,,,Zea mays subsp. mexicana,2353,19.21163891,-98.80872544,Anna O'Brien,,,SanMateoTezoquipan,,
LANTEO238,ANNA5,,,,,,ANNA5,,,Zea mays subsp. mexicana,2492,19.07692647,-98.8427936,Anna O'Brien,,,SanMatiasCuijingo,,
LANTEO239,ANNA8,,,,,,ANNA8,,,Zea mays subsp. mexicana,2253,19.50457142,-98.92248052,Anna O'Brien,,,Texcoco,,
LANTEO240,ANNA10,,,,,,ANNA10,,,Zea mays subsp. mexicana,2792,19.160612,-99.632908,Anna O'Brien,,,CalimayaUpper,,
LANTEO241,ANNA11,,,,,,ANNA11,,,Undetermined spp.,1589,18.97155,-99.03691667,Anna O'Brien,,,Amatlan,,
LANTEO242,ANNA4,,,,,,ANNA4,,,Zea mays subsp. mexicana,2408,19.14572706,-98.86284999,Anna O'Brien,,,TenangoDelAire,,
LANTEO243,ANNA7,,,,,,ANNA7,,,Zea mays subsp. mexicana,2776,19.26042678,-99.72212297,Anna O'Brien,,,TolucaC,,
LANTEO244,ANNA9,,,,,,ANNA9,,,Zea mays subsp. mexicana,2698,19.15135701,-99.61624973,Anna O'Brien,,,CalimayaLower,,
LANTEO255,JONAS_POP1,,,,,,,,,Zea mays subsp. parviglumis,1649,18.34983333,-99.84108333,Jonas,,,Teloloapan,Teloloapan,Guerrero
LANTEO256,JONAS_POP2,,,,,,,,,Zea mays subsp. parviglumis,1439,18.411,-99.90841667,Jonas,,,Alcholoa,Teloloapan,Guerrero
LANTEO257,JONAS_POP3,,,,,,,,,Zea mays subsp. parviglumis,343,17.17191667,-99.54147222,Jonas,,,Tierra Colorada,Juan R Escudero,Guerrero
LANTEO258,JONAS_POP4,,,,,,,,,Zea mays subsp. parviglumis,581,16.98113889,-99.28547222,Jonas,,,Teconoapan,Teconoapa,Guerrero
LANTEO259,JONAS_POP5,,,,,,,,,Zea mays subsp. parviglumis,1201,17.39175,-99.47763889,Jonas,,,Chilpancingo,Chilpancingo,Guerrero
LANTEO260,JONAS_POP6,,,,,,,,,Zea mays subsp. parviglumis,1251,17.42188889,-99.45072222,Jonas,,,Mazatlánn,Chilpancingo,Guerrero
LANTEO261,JONAS_POP7,,,,,,,,,Zea mays subsp. parviglumis,1107,17.45991667,-99.36830556,Jonas,,,Mochitlán,Mochitlán,Guerrero
LANTEO262,JONAS_POP8,,,,,,,,,Zea mays subsp. parviglumis,1101,18.23769444,-99.218,Jonas,,,Paso Morelos,Huitzuco,Guerrero
LANTEO263,JONAS_POP9,,,,,,,,,Zea mays subsp. mexicana,1664,18.97411111,-99.07027778,Jonas,,,Huilotepec,Tepoztlán,Morelos
LANTEO264,JONAS_POP10,,,,,,,,,Zea mays subsp. mexicana,2581,19.40747222,-99.62705556,Jonas,,,Villa Seca,Otzolotepec,México
LANTEO265,JONAS_POP11,,,,,,,,,Zea mays subsp. mexicana,1846,20.13938889,-102.2351111,Jonas,,,Churintzio,Churintzio,MICHOACAN
LANTEO266,JONAS_POP12,,,,,,,,,Zea mays subsp. parviglumis,1426,20.62730556,-106.0745556,Jonas,,,Guachinango,Guauchinango,Jalisco
LANTEO267,JONAS_POP13,,,,,,,,,Zea mays subsp. parviglumis,504,19.71544444,-106.4715556,Jonas,,,Telpitita,Villa Purificación,Jalisco
LANTEO268,JONAS_POP14,,,,,,,,,Zea mays subsp. parviglumis,958,19.94505556,-105.6624722,Jonas,,,San Lorenzo,Ejutla,Jalisco
LANTEO269,JONAS_POP15,,,,,,,,,Zea mays subsp. parviglumis,976,19.91288889,-104.279,Jonas,,,Ejutla,Ejutla,Jalisco
LANTEO270,JONAS_POP16,,,,,,,,,Zea mays subsp. parviglumis,1407,19.90997222,-105.8392778,Jonas,,,SMH564,Ejutla,Jalisco
LANTEO271,JONAS_POP17,,,,,,,,,Zea mays subsp. parviglumis,1317,19.89613889,-105.8434167,Jonas,,,SMH565,Ejutla,Jalisco
LANTEO272,JONAS_POP18,,,,,,,,,Zea mays subsp. parviglumis,1140,19.90266667,-104.3238333,Jonas,,,SMH566,Ejutla,Jalisco
LANTEO273,JONAS_POP19,,,,,,,,,Zea mays subsp. parviglumis,976,19.91297222,-104.2835278,Jonas,,,SMH567,Ejutla,Jalisco
LANTEO274,JONAS_POP20,,,,,,,,,Zea mays subsp. parviglumis,963,19.92183333,-104.2643889,Jonas,,,SMH569,Ejutla,Jalisco
LANTEO275,JONAS_POP21,,,,,,,,,Zea mays subsp. parviglumis,944,19.93388889,-104.1743889,Jonas,,,SMH570,Ejutla,Jalisco
LANTEO276,JONAS_POP22,,,,,,,,,Zea mays subsp. mexicana,1861,19.99172222,-102.5515556,Jonas,,,SMH571,Acambaro,Guanajuato
LANTEO277,JONAS_POP23,,,,,,,,,Zea mays subsp. mexicana,1854,19.95819444,-102.5163333,Jonas,,,SMH572,Acambaro,Guanajuato
LANTEO278,JONAS_POP24,,,,,,,,,Zea mays subsp. mexicana,1878,19.98280556,-102.6265833,Jonas,,,SMH573,Acambaro,Guanajuato
LANTEO279,JONAS_POP25,,,,,,,,,Zea mays subsp. mexicana,1849,20.05319444,-101.2547778,Jonas,,,SMH575,Santa Ana Maya,MICHOACAN
LANTEO280,JONAS_POP26,,,,,,,,,Zea mays subsp. mexicana,1856,20.16072222,-103.03975,Jonas,,,SMH576,Yuriria,Guanajuato
LANTEO281,JONAS_POP27,,,,,,,,,Zea mays subsp. parviglumis,572,19.73247222,-106.5385278,Jonas,,,SMH577,Villa de Purificación,Jalisco
LANTEO282,JONAS_POP28,,,,,,,,,Zea mays subsp. parviglumis,1369,19.53536111,-104.2249167,Jonas,,,SMH578,Tolimán,Jalisco
LANTEO283,JONAS_POP29,,,,,,,,,Zea mays subsp. mexicana,2002,20.13380556,-103.1008333,Jonas,,,SMH-MGCH 579,Puruandiro,MICHOACAN
LANTEO284,JONAS_POP30,,,,,,,,,Zea mays subsp. mexicana,1844,19.96461111,-102.9020833,Jonas,,,SMH-MGCH 580,Huandacareo,MICHOACAN
LANTEO285,JONAS_POP31,,,,,,,,,Zea mays subsp. parviglumis,1383,19.32738889,-102.0881111,Jonas,,,SMH-MGCH 581,Zitacuaro,MICHOACAN
LANTEO286,JONAS_POP32,,,,,,,,,Zea mays subsp. mexicana,2176,20.71955556,-103.7565,Jonas,,,SMH-MGCH 582,Jesús María,Jalisco
LANTEO287,JONAS_POP33,,,,,,,,,Zea mays subsp. mexicana,2234,19.2595,-98.87997222,Jonas,,,Chalco,Chalco,México
LANTEO288,JONAS_POP34,,,,,,,,,Zea mays subsp. mexicana,2252,19.22625,-98.86613889,Jonas,,,Cocotitlan,Cocotitlán,México
LANTEO289,JONAS_POP35,,,,,,,,,Zea mays subsp. mexicana,2431,19.13977778,-98.86372222,Jonas,,,Tenango,Tenango del aire,México
LANTEO290,JONAS_POP36,,,,,,,,,Zea mays subsp. mexicana,2646,19.03530556,-97.44158333,Jonas,,,Chalchicomula,Chalchicomula de Sesma,Puebla
LANTEO291,JONAS_POP37,,,,,,,,,Zea mays subsp. mexicana,2375,19.17425,-97.55277778,Jonas,,,San Nicolas,Sn Nicolas Buenos Aires,Puebla
LANTEO292,JONAS_POP38,,,,,,,,,Zea mays subsp. mexicana,2306,19.15947222,-98.18541667,Jonas,,,Tenancingo,Tenancingo,Tlaxcala
LANTEO293,JONAS_POP39,,,,,,,,,Zea mays subsp. mexicana,2447,19.08388889,-98.48744444,Jonas,,,Calpan,Calpan,Puebla
LANTEO294,JONAS_POP40,,,,,,,,,Zea mays subsp. mexicana,2441,19.32486111,-98.52283333,Jonas,,,San Matías,Sn Matias Tlalancaleca,Puebla
LANTEO295,JONAS_POP41,,,,,,,,,Zea mays subsp. mexicana,2234,19.50252778,-98.91461111,Jonas,,,Texcoco,Texcoco,México
LANTEO296,JULIO TALPITITA,,,,,,,,,Zea mays subsp. parviglumis,526,19.45,-104.48,,,,,Talpitita,Jalisco
LANTEO297,PI 384065,,Z029 (SFG),,,,,,,Zea mays subsp. parviglumis,1600,18.35,-99.85,GRIN,,,El Pochote,El Pochote,Guerrero
LANTEO298,PI 384066,,Z030 (SFG),,,,,,,Zea mays subsp. parviglumis,1700,18.35,-99.85,GRIN,,,El Pochote II,El Pochote II,Guerrero
LANTEO299,PI 384071,,Z031 (SFG),,,,,,,Zea mays subsp. parviglumis,1100,18.33,-100.32,GRIN,,,Iguala-Arcelia road,Iguala-Arcelia road,Guerrero
LANTEO300,Ames 21785,,Z032 (SFG),,,,,,,Zea mays subsp. parviglumis,1300,17.42,-99.5,GRIN,,,El Salado,El Salado,Guerrero
LANTEO301,Ames 21786,,Z033 (SFG),,,,,,,Zea mays subsp. parviglumis,1300,17.42,-99.5,GRIN/RJHS,,,El Salado II,El Salado II,Guerrero
LANTEO302,Ames 21789,,Z034 (SFG),,,,,,,Zea mays subsp. parviglumis,,,,GRIN,,,Mazatlan,Mazatlan,Guerrero
LANTEO303,Ames 21814,,Z035 (SFG),,,,,,,Zea mays subsp. parviglumis,,,,GRIN,,,SIte6 ?,SIte6 ?,
LANTEO304,Ames 21889,,Z036 (SFG),,,,,,,Zea mays subsp. parviglumis,,,,,,,El Rodeo,El Rodeo,Jalisco
LANTEO305,Ames 21809,,Z037 (SFG),,,,,,,Zea mays subsp. parviglumis,,17.44,-99.47,GRIN,,,Palo Blanco,Palo Blanco,Guerrero
LANTEO306,Ames 21812,,Z038 (SFG),,,,,,,Zea mays subsp. parviglumis,,18.35,-99.85,GRIN,,,Teloloapan,Teloloapan,Guerrero
LANTEO307,,,,,,,,,,,,,,,,,,,
LANTEO308,,,,,,,,,,,,,,,,,,,
LANTEO309,,,,,,,,,,,,,,,,,,,
LANTEO310,,,,,,,,,,,,,,,,,,,
LANTEO311,,,,,,,,,,,,,,,,,,,
LANTEO312,,,,,,,,,,,,,,,,,,,
LANTEO313,,,,,,,,,,,,,,,,,,,
LANTEO314,,,,,,,,,,,,,,,,,,,
LANTEO315,,,,,,,,,,,,,,,,,,,
LANTEO316,,,,,,,,,,,,,,,,,,,
LANTEO317,,,,,,,,,,,,,,,,,,,
LANTEO318,,,,,,,,,,,,,,,,,,,
LANTEO319,,,,,,,,,,,,,,,,,,,
LANTEO320,,,,,,,,,,,,,,,,,,,
LANTEO321,,,,,,,,,,,,,,,,,,,
LANTEO322,,,,,,,,,,,,,,,,,,,
LANTEO323,,,,,,,,,,,,,,,,,,,
LANTEO324,,,,,,,,,,,,,,,,,,,
LANTEO325,,,,,,,,,,,,,,,,,,,
LANTEO326,,,,,,,,,,,,,,,,,,,
LANTEO327,,,,,,,,,,,,,,,,,,,
LANTEO328,,,,,,,,,,,,,,,,,,,
LANTEO329,,,,,,,,,,,,,,,,,,,
LANTEO330,,,,,,,,,,,,,,,,,,,
LANTEO331,,,,,,,,,,,,,,,,,,,
LANTEO332,,,,,,,,,,,,,,,,,,,
LANTEO333,,,,,,,,,,,,,,,,,,,
LANTEO334,,,,,,,,,,,,,,,,,,,
LANTEO335,,,,,,,,,,,,,,,,,,,
LANTEO336,,,,,,,,,,,,,,,,,,,
LANTEO337,,,,,,,,,,,,,,,,,,,
LANTEO338,,,,,,,,,,,,,,,,,,,
LANTEO339,,,,,,,,,,,,,,,,,,,
LANTEO340,,,,,,,,,,,,,,,,,,,
LANTEO341,,,,,,,,,,,,,,,,,,,
LANTEO342,,,,,,,,,,,,,,,,,,,
LANTEO343,,,,,,,,,,,,,,,,,,,
LANTEO344,,,,,,,,,,,,,,,,,,,
LANTEO345,,,,,,,,,,,,,,,,,,,
LANTEO346,,,,,,,,,,,,,,,,,,,
LANTEO347,,,,,,,,,,,,,,,,,,,
LANTEO348,,,,,,,,,,,,,,,,,,,
LANTEO349,,,,,,,,,,,,,,,,,,,
LANTEO350,,,,,,,,,,,,,,,,,,,
,PI 384065,,Z029,,,,,,,,,,,,,,,,
,PI 384066,,Z030,,,,,,,,,,,,,,,,
,PI 384071,,Z031,,,,,,,,,,,,,,,,
,Ames 21785,,Z032,,,,,,,,,,,,,,,,
,Ames 21786,,Z033,,,,,,,,,,,,,,,,
,Ames 21789,,Z034,,,,,,,,,,,,,,,,
,Ames 21814,,Z035,,,,,,,,,,,,,,,,
,Ames 21889,,Z036,,,,,,,,,,,,,,,,
,Ames 21809,,Z037,,,,,,,,,,,,,,,,
,Ames 21812,,Z038,,,,,,,,,,,,,,,,