Line-ID,Accession-ID,Species,Race,Latitude,Longitude,Altitude
CIM10003,CIM10003,Zea diploperennis,diploperennis,19.533,-104.217,2250
CIM11362,CIM11362,Zea mays ssp. mexicana,Chalco,19.275,-99.100,2200
CIM11365,CIM11365,Zea mays ssp. mexicana,Mesa_Central,20.727,-101.949,1710
CIM11400,CIM11400,Zea mays ssp. mexicana,Chalco,19.350,-98.980,2200
CIM13451,CIM13451,Zea nicaraguensis,nicaraguensis,12.874,-86.914,15
CIM27215,CIM27215,Zea mays ssp. mexicana,Chalco,19.530,-98.843,2280
CIM29379,CIM29379,Zea perennis,perennis,19.418,-101.911,1380
CIM9479,CIM9479,Zea mays ssp. huehuetenangensis,huehuetenango,15.667,-91.750,1300
DMA_2008_1,DMA_2008_1,Zea mays ssp. parviglumis,Balsas,18.672,-98.831,1400
FAC_P_87,FAC_P_87,Zea luxurians,luxurians,17.935,-96.468,80
G1,G1,Zea luxurians,Guatemala,14.247,-89.875,878
G3,G3,Zea luxurians,Guatemala,14.526,-89.662,895
G6,G6,Zea luxurians,Guatemala,14.538,-89.890,982
G7,G7,Zea luxurians,Guatemala,14.530,-89.825,1037
H1,H1,Zea mays ssp. huehuetenangensis,huehuetenango,15.673,-91.792,1225
H2,H2,Zea mays ssp. huehuetenangensis,huehuetenango,15.692,-91.818,1025
JACV_T_018,JACV_T_018,Zea mays ssp. mexicana,Mesa_Central,19.927,-101.717,2012
JACV_T_049,JACV_T_049,Zea mays ssp. parviglumis,Balsas,19.443,-100.902,684
JACV_T_082,JACV_T_082,Zea mays ssp. parviglumis,Balsas,19.146,-101.430,1219
JLHNM_661,JLHNM_661,Zea mays ssp. parviglumis,Balsas,18.417,-99.968,1746
JLHNM_664,JLHNM_664,Zea mays ssp. parviglumis,Balsas,18.500,-99.909,1524
JLNCM_643,JLNCM_643,Zea mays ssp. parviglumis,Balsas,18.253,-99.234,1183
JLNCM_646,JLNCM_646,Zea mays ssp. parviglumis,Balsas,17.760,-98.774,1580
JLNCM_649,JLNCM_649,Zea mays ssp. parviglumis,Balsas,17.454,-99.210,1020
JLNCM_654,JLNCM_654,Zea mays ssp. parviglumis,Balsas,17.287,-99.483,740
JLNCM_657,JLNCM_657,Zea mays ssp. parviglumis,Balsas,17.397,-99.437,1150
JLVTKV_717,JLVTKV_717,Zea diploperennis,diploperennis,22.851,-105.122,1410
JLVTKV_719,JLVTKV_719,Zea diploperennis,diploperennis,22.857,-105.107,1392
JLVTKV_720,JLVTKV_720,Zea diploperennis,diploperennis,22.870,-105.105,1393
JSG_426,JSG_426,Zea mays ssp. mexicana,Mesa_Central,20.157,-102.060,1940
JSG_427,JSG_427,Zea mays ssp. parviglumis,Mesa_Central,20.153,-102.364,1574
JSG_437,JSG_437,Zea mays ssp. mexicana,Chalco,19.086,-98.489,2475
JSG_465,JSG_465,Zea mays ssp. mexicana,Mesa_Central,20.421,-102.347,1597
JSG_467,JSG_467,Zea mays ssp. parviglumis,Balsas,20.611,-104.226,1139
JSG_593,JSG_593,Zea luxurians,luxurians,17.944,-96.462,83
JSG_JMHC_614,JSG_JMHC_614,Zea mays ssp. mexicana,Chalco,19.258,-99.467,2592
JSG_JMHC_626,JSG_JMHC_626,Zea mays ssp. mexicana,Chalco,19.171,-97.557,2388
JSG_JMHC_629,JSG_JMHC_629,Zea mays ssp. mexicana,Chalco,19.074,-97.431,2670
JSG_JMHC_631,JSG_JMHC_631,Zea mays ssp. mexicana,Chalco,19.160,-98.186,2311
JSG_JMHC_634,JSG_JMHC_634,Zea mays ssp. mexicana,Chalco,19.079,-98.845,2485
JSG_JMHC_637,JSG_JMHC_637,Zea mays ssp. mexicana,Chalco,19.155,-98.775,2470
JSG_JMHC_639,JSG_JMHC_639,Zea mays ssp. mexicana,Chalco,19.495,-98.921,2254
JSG_LCL_554,JSG_LCL_554,Zea mays ssp. mexicana,Balsas,19.441,-103.984,1103
JSG_LCL_559,JSG_LCL_559,Zea mays ssp. mexicana,Chalco,19.681,-101.736,2410
JSG_LCL_565,JSG_LCL_565,Zea mays ssp. mexicana,Mesa_Central,19.956,-101.317,1848
JSG_LCL_566,JSG_LCL_566,Zea mays ssp. mexicana,Mesa_Central,20.077,-101.976,2055
JSG_LCL_672,JSG_LCL_672,Zea mays ssp. parviglumis,Balsas,18.610,-100.272,834
JSG_LCL_674,JSG_LCL_674,Zea mays ssp. parviglumis,Balsas,18.641,-100.357,1008
JSG_LCL_676,JSG_LCL_676,Zea mays ssp. parviglumis,Balsas,19.179,-100.255,1345
JSG_LCL_689,JSG_LCL_689,Zea mays ssp. mexicana,Mesa_Central,20.403,-102.904,1550
JSG_LCL_694,JSG_LCL_694,Zea perennis,perennis,19.635,-103.580,2140
JSG_LCL_695,JSG_LCL_695,Zea perennis,perennis,19.635,-103.567,2174
JSG_LCL_704,JSG_LCL_704,Zea mays ssp. parviglumis,Balsas,20.626,-104.418,1442
JSG_LCL_JGRF_586,JSG_LCL_JGRF_586,Zea mays ssp. mexicana,Mesa_Central,20.140,-101.073,2023
JSG_LCL_JRP_702,JSG_LCL_JRP_702,Zea mays ssp. parviglumis,Balsas,20.786,-104.543,1153
JSG_LCL_JRP_MMR_712,JSG_LCL_JRP_MMR_712,Zea perennis,perennis,19.417,-101.938,1385
JSG_RMM_558,JSG_RMM_558,Zea mays ssp. parviglumis,Balsas,19.344,-101.944,1170
JSG_RMM_LCL_471,JSG_RMM_LCL_471,Zea mays ssp. mexicana,Chalco,19.203,-99.566,2595
JSG_RMM_LCL_473,JSG_RMM_LCL_473,Zea mays ssp. parviglumis,Balsas,18.953,-99.503,1901
JSG_RMM_LCL_474,JSG_RMM_LCL_474,Zea mays ssp. mexicana,Balsas,18.975,-99.030,1654
JSG_RMM_LCL_476,JSG_RMM_LCL_476,Zea mays ssp. mexicana,Chalco,19.082,-98.776,2480
JSG_RMM_LCL_480,JSG_RMM_LCL_480,Zea mays ssp. mexicana,Chalco,19.218,-98.869,2280
JSG_RMM_LCL_483,JSG_RMM_LCL_483,Zea mays ssp. parviglumis,Balsas,16.324,-97.033,1272
JSG_RMM_LCL_486,JSG_RMM_LCL_486,Zea mays ssp. parviglumis,Balsas,16.349,-97.021,982
JSG_RMM_LCL_487,JSG_RMM_LCL_487,Zea mays ssp. parviglumis,Balsas,16.982,-99.283,590
JSG_RMM_LCL_495,JSG_RMM_LCL_495,Zea mays ssp. parviglumis,Balsas,18.505,-99.784,1890
JSG_RMM_LCL_511,JSG_RMM_LCL_511,Zea mays ssp. parviglumis,Balsas,18.388,-100.128,1110
JSG_RMM_LCL_514,JSG_RMM_LCL_514,Zea mays ssp. parviglumis,Balsas,19.063,-101.283,832
JSG_RMM_LCL_517,JSG_RMM_LCL_517,Zea mays ssp. parviglumis,Balsas,18.963,-101.058,870
JSG_RMM_LCL_523,JSG_RMM_LCL_523,Zea mays ssp. parviglumis,Balsas,18.842,-100.238,958
JSG_RMM_LCL_524,JSG_RMM_LCL_524,Zea mays ssp. parviglumis,Balsas,18.899,-100.181,1422
JSG_RMM_LCL_534,JSG_RMM_LCL_534,Zea mays ssp. parviglumis,Balsas,19.148,-100.355,1178
JSG_RMM_LCL_536,JSG_RMM_LCL_536,Zea mays ssp. mexicana,Mesa_Central,19.686,-100.633,2102
JSG_RMM_LCL_539,JSG_RMM_LCL_539,Zea mays ssp. parviglumis,Balsas,19.551,-100.918,1342
JSG_RMM_LCL_546,JSG_RMM_LCL_546,Zea mays ssp. parviglumis,Balsas,19.704,-104.819,552
JSG_RMM_LCL_548,JSG_RMM_LCL_548,Zea mays ssp. parviglumis,Balsas,19.772,-104.843,635
JSG_RMM_LCL_551,JSG_RMM_LCL_551,Zea diploperennis,diploperennis,19.591,-104.278,1870
JSG_RMM_LCL_568,JSG_RMM_LCL_568,Zea mays ssp. parviglumis,Balsas,17.172,-99.544,300
JSG_SRV_604,JSG_SRV_604,Zea mays ssp. mexicana,Nabogame,26.228,-106.962,1920
JSG_SRV_606,JSG_SRV_606,Zea mays ssp. mexicana,Nabogame,26.223,-106.932,1951
JSG_SRV_EAM_705,JSG_SRV_EAM_705,Zea mays ssp. mexicana,Durango,24.042,-104.280,1870
JSG_SRV_EAM_708,JSG_SRV_EAM_708,Zea mays ssp. mexicana,Durango,24.024,-104.300,1860
JSG_Y_LOS_142,JSG_Y_LOS_142,Zea mays ssp. parviglumis,Balsas,19.293,-103.081,1460
JSG_Y_LOS_75,JSG_Y_LOS_75,Zea mays ssp. mexicana,Mesa_Central,20.114,-102.896,1700
JSG_Y_RMM_429,JSG_Y_RMM_429,Zea mays ssp. mexicana,Durango,24.085,-104.486,1875
JSG_Y_RMM_438,JSG_Y_RMM_438,Zea mays ssp. mexicana,Mesa_Central,20.075,-102.060,1910
JSG_Y_RMM_440,JSG_Y_RMM_440,Zea mays ssp. mexicana,Mesa_Central,20.103,-101.947,1775
JSG_Y_RMM_444,JSG_Y_RMM_444,Zea mays ssp. mexicana,Mesa_Central,20.035,-101.469,2186
JSG_Y_RMM_447,JSG_Y_RMM_447,Zea mays ssp. mexicana,Mesa_Central,20.169,-101.156,1880
JSG_Y_RMM_450,JSG_Y_RMM_450,Zea mays ssp. mexicana,Mesa_Central,19.891,-101.179,1855
JSG_Y_RMM_457,JSG_Y_RMM_457,Zea mays ssp. parviglumis,Balsas,18.820,-100.916,654
JSG_Y_RMM_458,JSG_Y_RMM_458,Zea mays ssp. parviglumis,Balsas,18.805,-100.946,635
JSG_Y_RMM_463,JSG_Y_RMM_463,Zea mays ssp. mexicana,Chalco,19.422,-101.610,2225
LANDB001,CIMMYTMA-010234,Zea mays spp mays,CACAHUACINTLE,19.000,-97.383,2600
LANDB002,CIMMYTMA-005460,Zea mays spp mays,TUXPEN,18.350,-100.650,245
LANDB003,CIMMYTMA-027432,Zea mays spp mays,,16.750,-92.630,2131
LANDB004,CIMMYTMA-025027,Zea mays spp mays,ZAPCHI,16.479,-95.001,28
LANDB005,CIMMYTMA-021008,Zea mays spp mays,HEMBRA,29.354,-107.755,2145
LANDB006,CIMMYTMA-000645,Zea mays spp mays,CELAYA,29.567,-104.563,798
LANDB007,CIMMYTMA-019483,Zea mays spp mays,CONNOR,22.903,-103.478,2019
LANDB008,CIMMYTMA-023628,Zea mays spp mays,CONICO,21.933,-100.000,994
LANDB009,CIMMYTMA-001535,Zea mays spp mays,CONNOR,20.700,-99.800,2039
LANDB010,CIMMYTMA-007026,Zea mays spp mays,TUXPEN,21.200,-105.167,8
LANDB011,CIMMYTMA-006081,Zea mays spp mays,CONICO,17.191,-97.867,2338
LANDB012,CIMMYTMA-025041,Zea mays spp mays,OLOTIL,16.700,-93.717,547
LANDB013,CIMMYTMA-005606,Zea mays spp mays,CACAHU,19.650,-102.267,2287
LANDB014,CIMMYTMA-017852,Zea mays spp mays,TUXPEN,18.717,-99.367,952
LANDB015,CIMMYTMA-021113,Zea mays spp mays,CELAYA,28.533,-106.633,2141
LANDB016,CIMMYTMA-007344,Zea mays spp mays,ONAVEN,29.435,-110.367,390
LANDB017,CIMMYTMA-013920,Zea mays spp mays,,17.450,-97.217,2083
LANDB018,CIMMYTMA-017793,Zea mays spp mays,,17.083,-89.133,97
LANDB019,CIMMYTMA-021313,Zea mays spp mays,CELAYA,21.017,-102.167,2055
LANDB020,CIMMYTMA-007076,Zea mays spp mays,BOFO,21.717,-104.883,177
LANDB021,CIMMYTMA-016642,Zea mays spp mays,CELAYA,21.883,-101.583,2213
LANDB022,CIMMYTMA-023971,Zea mays spp mays,BOFO,22.274,-104.470,648
LANDB023,CIMMYTMA-021154,Zea mays spp mays,CONNOR,28.550,-107.500,2046
LANDB024,CIMMYTMA-000449,Zea mays spp mays,TUXPEN,28.270,-100.726,356
LANDB025,CIMMYTMA-013771,Zea mays spp mays,,21.483,-101.217,2091
LANDB026,CIMMYTMA-003266,Zea mays spp mays,TEPECI,21.100,-97.750,88
LANDB027,CIMMYTMA-021332,Zea mays spp mays,CELAYA,20.817,-102.667,2017
LANDB028,CIMMYTMA-025845,Zea mays spp mays,TUXPEN,21.517,-98.383,42
LANDB029,CIMMYTMA-025151,Zea mays spp mays,,20.176,-100.139,2674
LANDB030,CIMMYTMA-025289,Zea mays spp mays,,20.800,-104.400,800
LANDB031,CIMMYTMA-005613,Zea mays spp mays,MUSHIT,19.499,-101.583,2280
LANDB032,CIMMYTMA-003229,Zea mays spp mays,TUXPEN,20.320,-96.870,5
LANDB033,CIMMYTMA-018374,Zea mays spp mays,,19.970,-99.520,2418
LANDB034,CIMMYTMA-002345,Zea mays spp mays,TUXPEN,19.855,-96.708,372
LANDB035,CIMMYTMA-007937,Zea mays spp mays,GORDO,29.650,-108.250,2141
LANDB036,CIMMYTMA-007294,Zea mays spp mays,TABPER,28.975,-109.395,454
LANDB037,CIMMYTMA-013374,Zea mays spp mays,CONNOR,24.470,-104.121,2030
LANDB038,CIMMYTMA-000861,Zea mays spp mays,CHAPAL,24.824,-107.460,46
LANDB039,CIMMYTMA-001398,Zea mays spp mays,CHALQUENO,19.683,-99.133,2256
LANDB041,CIMMYTMA-000554,Zea mays spp mays,CELAYA,21.017,-101.250,2064
LANDB042,CIMMYTMA-000547,Zea mays spp mays,TUXPEN,21.445,-99.632,562
LANDB043,NA,Zea mays spp mays,NA,NA,NA,NA
LANDB044,NA,Zea mays spp mays,NA,NA,NA,NA
LANDB045,CIMMYTMA-008102,Zea mays spp mays,PALOME,19.710,-97.240,2220
LANDB046,CIMMYTMA-007015,Zea mays spp mays,TUXPEN,20.317,-105.333,655
LANDB047,CIMMYTMA-014017,Zea mays spp mays,,23.133,-101.117,2043
LANDB048,CIMMYTMA-018888,Zea mays spp mays,TABLON,22.417,-105.462,11
LANDB049,CIMMYTMA-020218,Zea mays spp mays,BOLITA,16.900,-96.267,2164
LANDB050,CIMMYTMA-016261,Zea mays spp mays,,17.561,-101.262,52
LANDB051,CIMMYTMA-026945,Zea mays spp mays,,19.317,-97.917,2492
LANDB052,CIMMYTMA-000686,Zea mays spp mays,TUXPEN,18.590,-95.437,30
LANDB053,CIMMYTMA-007584,Zea mays spp mays,CONICO,19.283,-98.433,2261
LANDB054,CIMMYTMA-023180,Zea mays spp mays,,19.332,-103.732,720
LANDB056,CIMMYTMA-020752,Zea mays spp mays,CONICO,21.062,-98.870,436
LANDB057,CIMMYTMA-015032,Zea mays spp mays,,-17.550,-65.833,2725
LANDB058,CIMMYTMA-016874,Zea mays spp mays,,-17.898,-63.308,516
LANDB059,CIMMYTMA-018202,Zea mays spp mays,,-8.563,-77.773,3412
LANDB060,CIMMYTMA-014578,Zea mays spp mays,,-8.445,-76.472,580
LANDB061,CIMMYTMA-024949,Zea mays spp mays,,-17.451,-70.051,3206
LANDB062,CIMMYTMA-011857,Zea mays spp mays,,-18.346,-59.591,613
LANDB063,CIMMYTMA-015009,Zea mays spp mays,AYZUMA,-18.183,-65.083,2520
LANDB064,CIMMYTMA-011854,Zea mays spp mays,POJOSO,-18.965,-57.828,120
LANDB065,CIMMYTMA-008025,Zea mays spp mays,,-23.200,-65.350,2973
LANDB066,CIMMYTMA-014287,Zea mays spp mays,CUBAAM,-22.538,-64.405,559
LANDB067,CIMMYTMA-014359,Zea mays spp mays,AYZUMA,-21.367,-65.233,2900
LANDB068,CIMMYTMA-014283,Zea mays spp mays,CUBAAM,-21.917,-63.667,640
LANDB069,CIMMYTMA-012291,Zea mays spp mays,,-12.635,-74.865,3263
LANDB070,CIMMYTMA-009022,Zea mays spp mays,PIRICI,-12.624,-73.095,751
LANDB071,CIMMYTMA-024894,Zea mays spp mays,,-6.550,-78.650,2391
LANDB073,CIMMYTMA-024925,Zea mays spp mays,SNJERO,-11.904,-75.322,3315
LANDB074,CIMMYTMA-009025,Zea mays spp mays,ENANO,-12.000,-70.250,234
LANDB076,CIMMYTMA-026034,Zea mays spp mays,,-10.333,-74.900,252
LANDB077,CIMMYTMA-022843,Zea mays spp mays,SABANE,5.400,-73.101,2150
LANDB078,CIMMYTMA-019738,Zea mays spp mays,,5.320,-74.920,840
LANDB080,CIMMYTMA-008993,Zea mays spp mays,COLORA,-8.597,-78.732,14
LANDB081,CIMMYTMA-024848,Zea mays spp mays,KELLU,-20.816,-66.216,3937
LANDB082,CIMMYTMA-014383,Zea mays spp mays,CUBAAM,-20.680,-63.292,755
LANDB083,CIMMYTMA-021797,Zea mays spp mays,MISHCA,-0.148,-78.458,2890
LANDB084,CIMMYTMA-017379,Zea mays spp mays,,-1.066,-80.440,36
LANDB085,CIMMYTMA-024902,Zea mays spp mays,,-13.951,-71.745,3061
LANDB086,CIMMYTMA-016818,Zea mays spp mays,,-14.660,-75.219,236
LANDB087,CIMMYTMA-012440,Zea mays spp mays,,-4.636,-79.710,2641
LANDB088,CIMMYTMA-026035,Zea mays spp mays,,-4.873,-80.711,49
LANDB089,CIMMYTMA-024483,Zea mays spp mays,PISING,-23.534,-65.765,3488
LANDB090,CIMMYTMA-026714,Zea mays spp mays,PERLIT,-23.780,-61.480,175
LANDB091,CIMMYTMA-013311,Zea mays spp mays,MEZCLA,-3.620,-79.237,2497
LANDB092,CIMMYTMA-010248,Zea mays spp mays,,-2.761,-79.747,2
LANDB093,CIMMYTMA-014996,Zea mays spp mays,MOROCH,-20.783,-64.767,3100
LANDB094,CIMMYTMA-014311,Zea mays spp mays,APERLA,-21.550,-64.127,920
LANDB095,NA,Zea mays spp mays,NA,NA,NA,NA
LANDB096,NA,Zea mays spp mays,NA,NA,NA,NA
LANDB097,NA,Zea mays spp mays,NA,NA,NA,NA
LANDB098,NA,Zea mays spp mays,NA,NA,NA,NA
LANDB099,CIMMYTMA-018676,Zea mays spp mays,,-16.500,-68.150,3929
LANDB100,CIMMYTMA-028912,Zea mays spp mays,CUBAAM,-17.417,-60.667,324
LANDB101,CIMMYTMA-012085,Zea mays spp mays,,-9.385,-77.240,3524
LANDB102,CIMMYTMA-014588,Zea mays spp mays,,-9.029,-75.513,306
LANDB103,CIMMYTMA-012231,Zea mays spp mays,CHUNCH,-13.650,-72.900,2154
LANDB104,CIMMYTMA-017281,Zea mays spp mays,,-14.390,-65.195,149
LANDB105,CIMMYTMA-012342,Zea mays spp mays,SHAJAT,-7.804,-78.042,3217
LANDB106,CIMMYTMA-026062,Zea mays spp mays,,-7.174,-76.693,269
LANDB107,CIMMYTMA-018242,Zea mays spp mays,PISCCO,-13.420,-72.209,3326
LANDB108,CIMMYTMA-016832,Zea mays spp mays,,-12.733,-76.467,260
LANDB109,MENDEZ,Zea mays spp mays,ElCon,19.217,-99.029,2520
LANDB110,MENDEZ,Zea mays spp mays,Con,19.303,-99.034,2262
LANDB111,MENDEZ,Zea mays spp mays,VA8H,19.303,-99.034,2261
LANDB112,MENDEZ,Zea mays spp mays,Con,19.200,-99.130,2565
LANDB113,MENDEZ,Zea mays spp mays,ElChal-ElCon,19.212,-99.193,2842
LANDB114,MENDEZ,Zea mays spp mays,Cah-ElChal,19.211,-99.145,2798
LANDB115,MENDEZ,Zea mays spp mays,Cah,19.189,-99.168,2849
LANDB116,MENDEZ,Zea mays spp mays,Cah,19.205,-99.158,2815
LANDB117,MENDEZ,Zea mays spp mays,Chal,19.237,-98.984,2242
LANDB118,MENDEZ,Zea mays spp mays,Chal,19.176,-99.075,2852
LANDB119,MENDEZ,Zea mays spp mays,Chal,19.193,-99.083,2725
LANDB120,MENDEZ,Zea mays spp mays,Chal,19.189,-99.067,2651
LANDB121,MENDEZ,Zea mays spp mays,Chal,19.193,-99.083,2726
LANDB122,MENDEZ,Zea mays spp mays,Chal-Mej,19.167,-99.025,2793
LANDB123,MENDEZ,Zea mays spp mays,Con,19.186,-99.097,2856
LANDB124,MENDEZ,Zea mays spp mays,Chal-Pal,19.189,-99.095,2789
LANDB125,MENDEZ,Zea mays spp mays,Chal-Pal,19.188,-99.095,2789
LANDB126,MENDEZ,Zea mays spp mays,ElChal-ElCon,19.188,-99.107,2797
LANDB127,MENDEZ,Zea mays spp mays,ElCon,19.165,-98.988,2669
LANDB128,MENDEZ,Zea mays spp mays,ElCon,19.165,-98.988,2670
LANDB129,MENDEZ,Zea mays spp mays,Con,19.217,-99.093,2567
LANDB130,MENDEZ,Zea mays spp mays,Con,19.215,-99.093,2565
LANDB131,MENDEZ,Zea mays spp mays,ElChal-Cah,19.173,-98.957,2753
LANDB132,MENDEZ,Zea mays spp mays,Chal,19.237,-98.984,2242
LANDB133,MENDEZ,Zea mays spp mays,ElChal-Chal,19.182,-98.974,2540
LANDB134,MENDEZ,Zea mays spp mays,ElCon-ElChal,19.187,-99.118,2780
LANDB135,MENDEZ,Zea mays spp mays,Chal,19.236,-99.025,2502
LANDB136,MENDEZ,Zea mays spp mays,Chal-Con,19.300,-98.994,2289
LANDB137,MENDEZ,Zea mays spp mays,Cah,19.232,-99.211,2930
LANDB138,CIMMYTMA-000266,Zea mays spp mays,ZAPCHI,16.580,-94.602,79
LANDB139,CIMMYTMA-003176,Zea mays spp mays,COMUN,4.517,-75.633,1535
LANDB140,CIMMYTMA-003138,Zea mays spp mays,ANDAQU,,,500
LANDB141,CIMMYTMA-003202,Zea mays spp mays,PUYA,10.000,-74.000,27
LANDB142,CIMMYTMA-003190,Zea mays spp mays,COSTEN,8.317,-75.150,30
LANDB143,CIMMYTMA-000743,Zea mays spp mays,TEPECI,15.421,-92.900,35
LANDB145,CIMMYTMA-005616,Zea mays spp mays,MUSHIT,19.520,-101.730,2188
LANDB146,CIMMYTMA-005618,Zea mays spp mays,MUSHIT,19.280,-101.630,2293
LANDB147,CIMMYTMA-009187,Zea mays spp mays,CHALQU,19.520,-101.220,2229
LANDB148,CIMMYTMA-001456,Zea mays spp mays,CHALQU,19.670,-101.920,2430
LANDB150,CIMMYTMA-005331,Zea mays spp mays,TUXPEN,19.630,-102.500,1298
LANDB152,CIMMYTMA-005599,Zea mays spp mays,MUSHIT,19.570,-102.270,2416
LANDB154,CIMMYTMA-001467,Zea mays spp mays,CONICO,19.650,-100.590,2180
LANDB158,CIMMYTMA-016007,Zea mays spp mays,CONICO,19.350,-99.800,2636
LANDB159,CIMMYTMA-019359,Zea mays spp mays,CONICO,19.030,-100.030,1956
LANDB160,CIMMYTMA-001374,Zea mays spp mays,PALOME,18.970,-99.400,2445
LANDB161,CIMMYTMA-001531,Zea mays spp mays,PALOME,19.540,-97.250,2451
LANDB163,CIMMYTMA-005626,Zea mays spp mays,ARROAM,19.510,-97.200,3017
LANDB164,CIMMYTMA-005638,Zea mays spp mays,ARROAM,19.620,-97.170,2552
LANDB165,CIMMYTMA-016446,Zea mays spp mays,PALOME,19.280,-97.330,2514
LANDB166,CIMMYTMA-002500,Zea mays spp mays,SALVAD,14.860,-92.080,233
LANDB171,NA,Zea mays spp mays,NA,NA,NA,NA
LANDB172,NA,Zea mays spp mays,NA,NA,NA,NA
LANDB173,NA,Zea mays spp mays,NA,NA,NA,NA
LANDB174,NA,Zea mays spp mays,NA,NA,NA,NA
LANDB175,NA,Zea mays spp mays,NA,NA,NA,NA
LANDB195,NA,Zea mays spp mays,NA,NA,NA,NA
LANDB196,NA,Zea mays spp mays,NA,NA,NA,NA
LANDB197,NA,Zea mays spp mays,NA,NA,NA,NA
LANDB198,NA,Zea mays spp mays,NA,NA,NA,NA
LANDB203,CIMMYTMA-001479,Zea mays spp mays,TABLON,19.983,-102.300,1568
LANDB205,CIMMYTMA-020244,Zea mays spp mays,BOLITA,17.061,-96.810,1626
LANDB209,CIMMYTMA-000250,Zea mays spp mays,BOLITA,16.826,-96.676,1526
LANDB210,CIMMYTMA-021086,Zea mays spp mays,PERLA,29.260,-107.423,1861
LANDB211,CIMMYTMA-006939,Zea mays spp mays,REVENT,22.395,-103.737,1358
LANDB213,CIMMYTMA-000787,Zea mays spp mays,,16.329,-91.943,1494
LANDB215,CIMMYTMA-006802,Zea mays spp mays,TUXPEN,28.612,-105.979,1425
LANDB219,CIMMYTMA-006837,Zea mays spp mays,TABLON,28.967,-107.833,1870
LANDB225,CIMMYTMA-019986,Zea mays spp mays,MUSHIT,19.083,-97.033,1486
LANDB227,CIMMYTMA-021092,Zea mays spp mays,CELAYA,28.933,-107.567,1953
LANDB237,CIMMYTMA-014214,Zea mays spp mays,AYZUMA,-17.951,-64.767,1800
LANDB238,CIMMYTMA-014575,Zea mays spp mays,,-5.931,-77.237,1000
LANDB242,CIMMYTMA-028568,Zea mays spp mays,AM8HIL,-22.279,-64.689,1548
LANDB243,CIMMYTMA-018195,Zea mays spp mays,MORCAJ,-6.633,-78.250,1730
LANDB247,CIMMYTMA-012388,Zea mays spp mays,,-5.330,-79.431,1978
LANDB248,CIMMYTMA-014823,Zea mays spp mays,,-20.267,-64.084,1244
LANDB249,CIMMYTMA-015733,Zea mays spp mays,,0.085,-78.743,1563
LANDB250,CIMMYTMA-017308,Zea mays spp mays,,-14.650,-68.591,1920
LANDB253,CIMMYTMA-014335,Zea mays spp mays,PATILL,-21.400,-64.700,1890
LANDB254,CIMMYTMA-015732,Zea mays spp mays,,-1.399,-78.426,1837
LANDB271,CIMMYTMA-001312,Zea mays spp mays,CANILL,18.559,-74.264,167
LANDB273,CIMMYTMA-001326,Zea mays spp mays,CHANDE,18.059,-66.399,160
LANDB274,CIMMYTMA-001334,Zea mays spp mays,STCROI,17.718,-64.707,31
LANDB275,CIMMYTMA-002428,Zea mays spp mays,TUSON,21.200,-76.617,11
LANDB276,CIMMYTMA-002438,Zea mays spp mays,FTCUBA,22.417,-83.733,79
LANDB278,CIMMYTMA-002445,Zea mays spp mays,FTCUBA,20.677,-75.729,20
LANDB279,CIMMYTMA-002458,Zea mays spp mays,CANILL,12.200,-61.630,63
LANDB282,CIMMYTMA-002674,Zea mays spp mays,AVMORO,-23.917,-51.867,339
LANDB285,CIMMYTMA-002899,Zea mays spp mays,TUXPEN,-10.283,-36.600,9
LANDB286,CIMMYTMA-002978,Zea mays spp mays,CATETO,-3.812,-38.694,43
LANDB290,CIMMYTMA-003877,Zea mays spp mays,CANILL,12.030,-61.749,71
LANDB296,CIMMYTMA-003941,Zea mays spp mays,CHANDE,19.197,-70.021,65
LANDB299,CIMMYTMA-003975,Zea mays spp mays,CHANDE,17.718,-64.707,31
LANDB314,CIMMYTMA-004660,Zea mays spp mays,RGWHDT,-29.333,-54.167,274
LANDB316,CIMMYTMA-004678,Zea mays spp mays,SDENRG,-28.033,-54.333,412
LANDB318,CIMMYTMA-004781,Zea mays spp mays,PADENT,-21.533,-51.483,373
LANDB319,CIMMYTMA-004811,Zea mays spp mays,PADENT,-23.400,-45.883,666
LANDB331,CIMMYTMA-005057,Zea mays spp mays,CATETO,-23.183,-45.883,594
LANDB332,CIMMYTMA-005084,Zea mays spp mays,PADENT,-12.651,-39.109,201
LANTEO001,CIMMYTMA 8753,Zea mays ssp. mexicana,Chalco,-98.821,19.029,2338
LANTEO002,CIMMYTMA 8754,Zea mays ssp. mexicana,Chalco,-98.821,19.029,2338
LANTEO003,CIMMYTMA 8755,Zea mays ssp. parviglumis,Balsas,-99.470,17.450,1394
LANTEO004,CIMMYTMA 8756,Zea mays ssp. parviglumis,Balsas,-99.470,17.450,1394
LANTEO005,CIMMYTMA 8758,Zea mays ssp. parviglumis,Balsas,-99.790,18.500,1814
LANTEO006,CIMMYTMA 8759,Zea mays ssp. parviglumis,Balsas,-100.080,18.420,1168
LANTEO007,CIMMYTMA 8760,Zea mays ssp. parviglumis,Balsas,-100.970,18.820,587
LANTEO008,CIMMYTMA 8763,Zea mays ssp. parviglumis,Balsas,-101.870,19.500,1896
LANTEO009,CIMMYTMA 8764,Zea mays ssp. parviglumis,Balsas,-101.870,19.500,1896
LANTEO010,CIMMYTMA 8766,Zea mays ssp. parviglumis,Balsas,-101.870,19.500,1896
LANTEO011,CIMMYTMA 8768,Zea mays ssp. mexicana,Chalco,-98.995,19.217,2261
LANTEO012,CIMMYTMA 8769,Zea mays ssp. mexicana,Chalco,-99.118,19.231,2368
LANTEO013,CIMMYTMA 8770,Zea mays ssp. mexicana,Chalco,-98.876,19.312,2254
LANTEO014,CIMMYTMA 8771,Zea mays ssp. mexicana,Mesa_Central,-102.070,20.150,1855
LANTEO015,CIMMYTMA 8772,Zea mays ssp. mexicana,Mesa_Central,-101.744,19.921,2000
LANTEO016,CIMMYTMA 8773,Zea mays ssp. mexicana,Chalco,-98.850,19.250,2255
LANTEO017,CIMMYTMA 8774,Zea mays ssp. parviglumis,Balsas,-99.470,17.450,1394
LANTEO018,CIMMYTMA 8775,Zea mays ssp. parviglumis,Balsas,-99.470,17.400,1198
LANTEO019,CIMMYTMA 8776,Zea mays ssp. parviglumis,Balsas,-99.467,17.404,1200
LANTEO020,CIMMYTMA 8777,Zea mays ssp. parviglumis,Balsas,-100.111,19.155,2039
LANTEO021,CIMMYTMA 8778,Zea mays ssp. parviglumis,Balsas,-101.870,19.500,1896
LANTEO022,CIMMYTMA 8779,Zea mays ssp. parviglumis,Balsas,-100.111,19.155,2039
LANTEO023,CIMMYTMA 8780,Zea mays ssp. parviglumis,Balsas,-100.055,18.323,1514
LANTEO024,CIMMYTMA 8781,Zea mays ssp. parviglumis,Balsas,-100.055,18.323,1514
LANTEO025,CIMMYTMA 8782,Zea mays ssp. parviglumis,Balsas,-100.180,18.380,536
LANTEO026,CIMMYTMA 8783,Zea mays ssp. parviglumis,Balsas,-99.660,18.360,802
LANTEO027,CIMMYTMA 8784,Zea mays ssp. parviglumis,Balsas,-99.430,17.400,1244
LANTEO028,CIMMYTMA 8785,Zea mays ssp. parviglumis,Balsas,-99.430,17.400,1244
LANTEO029,CIMMYTMA 8787,Undetermined spp.,Balsas,-98.850,19.530,2276
LANTEO030,CIMMYTMA 8788,Undetermined spp.,Balsas,-98.850,19.530,2276
LANTEO031,CIMMYTMA 8789,Undetermined spp.,Balsas,-98.850,19.530,2276
LANTEO032,CIMMYTMA 8790,Undetermined spp.,Chalco,-98.850,19.530,2276
LANTEO033,CIMMYTMA 8791,Undetermined spp.,Chalco,-98.850,19.530,2276
LANTEO034,CIMMYTMA 8792,Undetermined spp.,,-98.850,19.530,2276
LANTEO035,CIMMYTMA 8793,Undetermined spp.,Chalco,-98.850,19.530,2276
LANTEO036,CIMMYTMA 8794,Undetermined spp.,Chalco,-98.850,19.530,2276
LANTEO037,CIMMYTMA 8795,Undetermined spp.,Chalco,-98.850,19.530,2276
LANTEO038,CIMMYTMA 8796,Undetermined spp.,,-98.850,19.530,2276
LANTEO039,CIMMYTMA 8797,Undetermined spp.,Balsas,-98.850,19.530,2276
LANTEO040,CIMMYTMA 8798,Undetermined spp.,,-98.850,19.530,2276
LANTEO041,CIMMYTMA 8799,Undetermined spp.,,-98.850,19.530,2276
LANTEO042,CIMMYTMA 8800,Undetermined spp.,,-98.850,19.530,2276
LANTEO043,CIMMYTMA 8801,Undetermined spp.,,-98.850,19.530,2276
LANTEO044,CIMMYTMA 8802,Undetermined spp.,,-98.850,19.530,2276
LANTEO045,CIMMYTMA 8803,Undetermined spp.,,-98.850,19.530,2276
LANTEO046,CIMMYTMA 8804,Undetermined spp.,,-98.850,19.530,2276
LANTEO047,CIMMYTMA 8805,Undetermined spp.,,-98.850,19.530,2276
LANTEO048,CIMMYTMA 8806,Undetermined spp.,,-98.850,19.530,2276
LANTEO049,CIMMYTMA 8807,Undetermined spp.,,-98.850,19.530,2276
LANTEO050,CIMMYTMA 8808,Undetermined spp.,Chalco,-98.850,19.530,2276
LANTEO051,CIMMYTMA 8809,Undetermined spp.,,-98.850,19.530,2276
LANTEO052,CIMMYTMA 8810,Undetermined spp.,,-98.850,19.530,2276
LANTEO053,CIMMYTMA 8811,Undetermined spp.,,-98.850,19.530,2276
LANTEO054,CIMMYTMA 8812,Undetermined spp.,,-98.850,19.530,2276
LANTEO055,CIMMYTMA 8813,Undetermined spp.,,-98.850,19.530,2276
LANTEO056,CIMMYTMA 8814,Undetermined spp.,,-98.850,19.530,2276
LANTEO057,CIMMYTMA 8815,Undetermined spp.,,-98.850,19.530,2276
LANTEO058,CIMMYTMA 8816,Undetermined spp.,,-98.850,19.530,2276
LANTEO059,CIMMYTMA 8817,Undetermined spp.,,-98.850,19.530,2276
LANTEO060,CIMMYTMA 8818,Undetermined spp.,,-98.850,19.530,2276
LANTEO061,CIMMYTMA 8819,Undetermined spp.,,-98.850,19.530,2276
LANTEO062,CIMMYTMA 8820,Undetermined spp.,,-98.850,19.530,2276
LANTEO063,CIMMYTMA 8821,Undetermined spp.,,-98.850,19.530,2276
LANTEO064,CIMMYTMA 8822,Undetermined spp.,,-98.850,19.530,2276
LANTEO065,CIMMYTMA 8823,Undetermined spp.,,-98.850,19.530,2276
LANTEO066,CIMMYTMA 8824,Undetermined spp.,,-98.850,19.530,2276
LANTEO067,CIMMYTMA 8825,Undetermined spp.,,-98.850,19.530,2276
LANTEO068,CIMMYTMA 8826,Undetermined spp.,,-98.850,19.530,2276
LANTEO069,CIMMYTMA 8827,Undetermined spp.,,-98.850,19.530,2276
LANTEO070,CIMMYTMA 8828,Undetermined spp.,,-98.850,19.530,2276
LANTEO071,CIMMYTMA 8829,Undetermined spp.,,-98.850,19.530,2276
LANTEO072,CIMMYTMA 8830,Undetermined spp.,,-98.850,19.530,2276
LANTEO073,CIMMYTMA 8831,Undetermined spp.,,-98.850,19.530,2276
LANTEO074,CIMMYTMA 8832,Undetermined spp.,,-98.850,19.530,2276
LANTEO075,CIMMYTMA 8833,Undetermined spp.,,-98.850,19.530,2276
LANTEO076,CIMMYTMA 8834,Undetermined spp.,,-98.850,19.530,2276
LANTEO077,CIMMYTMA 8835,Undetermined spp.,,-98.850,19.530,2276
LANTEO078,CIMMYTMA 8836,Undetermined spp.,,-98.850,19.530,2276
LANTEO079,CIMMYTMA 9477,Zea mays ssp. parviglumis,,-103.510,19.680,1581
LANTEO080,CIMMYTMA 9478,Undetermined spp.,GUATEM,-89.630,14.630,791
LANTEO081,CIMMYTMA 13451,Zea nicaraguensis,,-86.926,12.900,41
LANTEO082,CIMMYTMA 13531,Zea mays ssp. mexicana,Chalco,-98.800,19.220,2365
LANTEO083,CIMMYTMA 13533,Zea mays ssp. parviglumis,Balsas,-100.150,18.390,914
LANTEO084,CIMMYTMA 13534,Zea mays ssp. parviglumis,Balsas,-99.900,18.400,1364
LANTEO085,CIMMYTMA 13535,Zea mays ssp. parviglumis,Balsas,-100.070,18.420,1233
LANTEO086,CIMMYTMA 13536,Zea mays ssp. parviglumis,Balsas,-100.954,18.821,300
LANTEO087,CIMMYTMA 13537,Zea mays ssp. parviglumis,Balsas,-100.150,18.900,1348
LANTEO088,CIMMYTMA 13538,Zea mays ssp. parviglumis,Balsas,-100.150,18.900,1348
LANTEO089,CIMMYTMA 13539,Zea mays ssp. parviglumis,Balsas,-100.150,18.900,1348
LANTEO090,CIMMYTMA 13540,Zea mays ssp. parviglumis,Balsas,-100.440,19.310,1313
LANTEO091,CIMMYTMA 13541,Zea mays ssp. mexicana,Chalco,-99.034,19.239,2240
LANTEO092,CIMMYTMA 13542,Zea mays ssp. mexicana,Chalco,-98.880,19.250,2247
LANTEO093,CIMMYTMA 13544,Zea mays ssp. mexicana,Mesa_Central,-101.930,20.740,1726
LANTEO094,CIMMYTMA 13546,Zea mays ssp. mexicana,Mesa_Central,-101.330,19.900,1851
LANTEO095,CIMMYTMA 13547,Zea mays ssp. mexicana,Mesa_Central,-101.220,19.880,1938
LANTEO096,CIMMYTMA 13548,Zea mays ssp. mexicana,Mesa_Central,-101.171,20.175,1810
LANTEO097,CIMMYTMA 13549,Zea mays ssp. mexicana,Mesa_Central,-101.515,20.085,1900
LANTEO098,CIMMYTMA 13550,Zea mays ssp. mexicana,Mesa_Central,-101.515,20.085,1900
LANTEO099,CIMMYTMA 13553,Zea mays ssp. mexicana,Chalco,-98.853,19.348,2294
LANTEO100,CIMMYTMA 13555,Zea mays ssp. parviglumis,Balsas,-99.400,17.480,1037
LANTEO101,CIMMYTMA 13556,Zea mays ssp. mexicana,Chalco,-98.800,19.220,2365
LANTEO102,CIMMYTMA 13557,Zea mays ssp. mexicana,,-99.180,16.910,212
LANTEO103,CIMMYTMA 13561,Zea mays ssp. mexicana,Chalco,-98.770,19.130,2484
LANTEO104,CIMMYTMA 13562,Zea mays ssp. mexicana,Chalco,-98.890,19.400,2271
LANTEO105,CIMMYTMA 13564,Zea mays ssp. mexicana,Chalco,-98.850,19.250,2255
LANTEO106,CIMMYTMA 13566,Zea mays ssp. mexicana,Nobogame,-106.960,26.100,2372
LANTEO107,CIMMYTMA 13567,Zea mays ssp. parviglumis,Balsas,-97.042,16.327,1094
LANTEO108,CIMMYTMA 13568,Zea mays ssp. mexicana,Chalco,-98.880,19.250,2247
LANTEO109,CIMMYTMA 13569,Zea mays ssp. mexicana,Chalco,-98.870,19.090,2538
LANTEO110,CIMMYTMA 13570,Zea mays ssp. mexicana,Chalco,-98.850,19.250,2255
LANTEO111,CIMMYTMA 13571,Zea mays ssp. mexicana,DURANGO,-104.491,24.015,1864
LANTEO112,CIMMYTMA 13573,Zea mays ssp. mexicana,Mesa_Central,-101.936,20.099,1705
LANTEO113,CIMMYTMA 13574,Zea mays ssp. mexicana,Mesa_Central,-101.170,19.980,1845
LANTEO114,CIMMYTMA 13575,Zea mays ssp. mexicana,Mesa_Central,-101.171,20.175,1810
LANTEO115,CIMMYTMA 13576,Zea mays ssp. mexicana,Mesa_Central,-100.500,19.680,2020
LANTEO116,CIMMYTMA 13577,Zea mays ssp. mexicana,Chalco,-98.920,19.270,2236
LANTEO117,CIMMYTMA 13578,Zea mays ssp. mexicana,Chalco,-98.784,19.089,2478
LANTEO118,CIMMYTMA 13579,Zea mays ssp. mexicana,Chalco,-98.890,19.400,2271
LANTEO119,CIMMYTMA 13580,Zea mays ssp. parviglumis,Balsas,-99.208,18.223,1087
LANTEO120,CIMMYTMA 13581,Zea mays ssp. parviglumis,Balsas,-100.120,18.390,1233
LANTEO121,CIMMYTMA 13583,Zea mays ssp. parviglumis,Balsas,-100.368,18.693,788
LANTEO122,CIMMYTMA 13584,Zea mays ssp. parviglumis,Balsas,-100.260,19.184,1353
LANTEO123,CIMMYTMA 13585,Zea mays ssp. parviglumis,Balsas,-100.440,19.310,1313
LANTEO124,CIMMYTMA 13586,Zea mays ssp. parviglumis,Balsas,-100.835,19.415,1570
LANTEO125,CIMMYTMA 13587,Zea mays ssp. mexicana,Mesa_Central,-101.607,19.412,2236
LANTEO126,CIMMYTMA 14976,Zea mays ssp. mexicana,Chalco,-98.890,19.221,2261
LANTEO127,CIMMYTMA 14977,Zea mays ssp. mexicana,Chalco,-99.670,19.280,2694
LANTEO128,CIMMYTMA 14978,Zea mays ssp. mexicana,Mesa_Central,-101.164,19.899,1847
LANTEO129,CIMMYTMA 16790,Zea mays ssp. mexicana,Chalco,-97.530,19.070,2455
LANTEO130,CIMMYTMA 16791,Zea mays ssp. mexicana,Chalco,-97.530,19.070,2455
LANTEO131,CIMMYTMA 16792,Zea mays ssp. mexicana,Chalco,-97.650,19.150,2373
LANTEO132,CIMMYTMA 16793,Zea mays ssp. mexicana,Chalco,-97.650,19.150,2373
LANTEO133,CIMMYTMA 16794,Zea mays ssp. mexicana,Chalco,-99.450,19.270,2595
LANTEO134,CIMMYTMA 16795,Zea mays ssp. mexicana,Chalco,-99.550,19.200,2583
LANTEO135,CIMMYTMA 29059,Zea mays ssp. mexicana,Chalco,-98.850,19.530,2276
LANTEO136,CIMMYTMA 29060,Zea mays ssp. mexicana,Chalco,-98.863,19.551,2267
LANTEO137,CIMMYTMA 29061,Zea mays ssp. mexicana,Chalco,-98.902,19.494,2247
LANTEO138,CIMMYTMA 29062,Zea mays ssp. mexicana,Chalco,-98.832,19.491,2428
LANTEO139,CIMMYTMA 29063,Zea mays ssp. mexicana,Chalco,-98.900,19.550,2250
LANTEO140,CIMMYTMA 29064,Zea mays ssp. mexicana,Chalco,-98.750,19.120,2501
LANTEO141,CIMMYTMA 29065,Zea mays ssp. mexicana,Chalco,-98.850,19.220,2345
LANTEO142,CIMMYTMA 29066,Zea mays ssp. mexicana,Chalco,-98.850,19.220,2286
LANTEO143,CIMMYTMA 29067,Zea mays ssp. mexicana,Chalco,-98.830,19.070,2462
LANTEO144,CIMMYTMA 29069,Zea mays ssp. mexicana,Chalco,-98.820,19.120,2440
LANTEO145,CIMMYTMA 29070,Zea mays ssp. mexicana,Chalco,-98.858,19.145,2411
LANTEO146,CIMMYTMA 29071,Zea mays ssp. mexicana,Chalco,-98.911,19.215,2257
LANTEO147,CIMMYTMA 29072,Zea mays ssp. mexicana,Chalco,-99.520,19.380,2580
LANTEO148,CIMMYTMA 29073,Zea mays ssp. mexicana,Chalco,-99.510,19.390,2580
LANTEO149,CIMMYTMA 29074,Zea mays ssp. mexicana,Chalco,-99.590,19.160,2623
LANTEO150,CIMMYTMA 29075,Zea mays ssp. mexicana,Chalco,-99.620,19.150,2713
LANTEO151,CIMMYTMA 29076,Zea mays ssp. mexicana,Chalco,-99.920,19.330,2833
LANTEO152,CIMMYTMA 29077,Zea mays ssp. mexicana,Chalco,-99.970,19.330,2722
LANTEO153,CIMMYTMA 29078,Zea mays ssp. mexicana,Chalco,-99.510,19.300,2574
LANTEO154,CIMMYTMA 29079,Zea mays ssp. mexicana,Chalco,-99.545,19.232,2583
LANTEO155,CIMMYTMA 29080,Zea mays ssp. parviglumis,Balsas,-100.150,18.860,1269
LANTEO156,CIMMYTMA 29081,Zea mays ssp. parviglumis,Balsas,-100.150,18.860,1241
LANTEO157,CIMMYTMA 29082,Zea mays ssp. parviglumis,Balsas,-100.255,19.074,1500
LANTEO158,CIMMYTMA 29083,Zea mays ssp. parviglumis,Balsas,-100.180,18.680,1760
LANTEO159,CIMMYTMA 29084,Zea mays ssp. parviglumis,Balsas,-100.255,19.074,1378
LANTEO160,CIMMYTMA 29085,Zea mays ssp. parviglumis,Balsas,-100.295,19.000,1340
LANTEO161,CIMMYTMA 29086,Zea mays ssp. parviglumis,Balsas,-99.855,18.363,1664
LANTEO162,CIMMYTMA 29087,Zea mays ssp. parviglumis,Balsas,-99.855,18.363,1664
LANTEO163,CIMMYTMA 29719,Zea mays ssp. parviglumis,Balsas,-99.470,17.450,1394
LANTEO164,CIMMYTMA 29720,Zea mays ssp. parviglumis,Balsas,-99.470,17.450,1394
LANTEO165,CIMMYTMA 29721,Zea mays ssp. parviglumis,Balsas,-99.470,17.410,1240
LANTEO166,CIMMYTMA 29722,Zea mays ssp. parviglumis,Balsas,-100.890,18.680,365
LANTEO167,CIMMYTMA 29723,Zea mays ssp. parviglumis,Balsas,-101.260,18.780,510
LANTEO168,CIMMYTMA 29724,Zea mays ssp. parviglumis,Balsas,-100.800,18.850,606
LANTEO169,CIMMYTMA 29725,Zea mays ssp. parviglumis,Balsas,-100.738,18.903,386
LANTEO170,CIMMYTMA 29726,Zea mays ssp. parviglumis,Balsas,-100.570,19.220,608
LANTEO171,CIMMYTMA 29727,Zea mays ssp. parviglumis,Balsas,-100.458,19.264,1276
LANTEO172,CIMMYTMA 29728,Zea mays ssp. parviglumis,Balsas,-100.408,19.214,1250
LANTEO173,CIMMYTMA 29729,Zea mays ssp. parviglumis,Balsas,,,
LANTEO174,CIMMYTMA 29730,Zea mays ssp. parviglumis,Mesa_Central,-100.549,19.690,2053
LANTEO175,CIMMYTMA 29731,Zea mays ssp. parviglumis,Balsas,-100.924,19.586,1670
LANTEO176,CIMMYTMA 29732,Zea mays ssp. parviglumis,Mesa_Central,-101.080,19.690,2004
LANTEO177,CIMMYTMA 29733,Zea mays ssp. parviglumis,Balsas,-99.850,18.650,1796
LANTEO178,CIMMYTMA 29734,Zea mays ssp. parviglumis,Balsas,-99.855,18.363,1664
LANTEO179,CIMMYTMA 29735,Zea mays ssp. parviglumis,Balsas,-100.070,18.420,1175
LANTEO180,CIMMYTMA 29736,Zea mays ssp. parviglumis,Balsas,-100.120,18.390,1233
LANTEO181,CIMMYTMA 29737,Zea mays ssp. parviglumis,Balsas,-100.934,18.891,770
LANTEO182,CIMMYTMA 29738,Undetermined spp.,,-101.130,19.020,643
LANTEO183,CIMMYTMA 29740,Zea mays ssp. parviglumis,Balsas,-101.918,19.335,1145
LANTEO184,CIMMYTMA 29741,Zea mays ssp. parviglumis,Mesa_Central,-102.164,19.899,1847
LANTEO185,CIMMYTMA 29742,Zea mays ssp. parviglumis,Mesa_Central,-101.200,19.880,1848
LANTEO186,CIMMYTMA 29743,Zea mays ssp. parviglumis,Mesa_Central,-101.170,19.980,1845
LANTEO187,CIMMYTMA 29295,Zea nicaraguensis,,-86.926,12.900,175
LANTEO188,CIMMYTMA 29296,Zea nicaraguensis,,-86.926,12.900,175
LANTEO189,CIMMYTMA 29297,Zea nicaraguensis,,-86.926,12.900,175
LANTEO190,CIMMYTMA 29298,Zea nicaraguensis,,-86.926,12.900,175
LANTEO191,CIMMYTMA 29299,Zea nicaraguensis,,-86.926,12.900,175
LANTEO192,CIMMYTMA 29300,Zea nicaraguensis,,-86.926,12.900,175
LANTEO193,CIMMYTMA 29301,Zea nicaraguensis,,-86.926,12.900,175
LANTEO194,CIMMYTMA 29302,Zea nicaraguensis,,-86.926,12.900,175
LANTEO195,CIMMYTMA 29303,Zea nicaraguensis,,-86.926,12.900,175
LANTEO196,CIMMYTMA 29305,Zea nicaraguensis,,-86.926,12.900,175
LANTEO197,CIMMYTMA 29762,Zea mays ssp. parviglumis,Balsas,-99.467,17.404,1200
LANTEO198,CIMMYTMA 29763,Zea mays ssp. parviglumis,Balsas,-99.467,17.404,1200
LANTEO199,CIMMYTMA 29764,Zea mays ssp. parviglumis,Balsas,-99.530,17.260,683
LANTEO200,CIMMYTMA 29765,Zea mays ssp. parviglumis,Balsas,-99.855,18.363,1664
LANTEO201,CIMMYTMA 29766,Zea mays ssp. parviglumis,Balsas,-100.907,18.633,315
LANTEO202,CIMMYTMA 29767,Zea mays ssp. parviglumis,Balsas,-100.907,18.633,315
LANTEO203,CIMMYTMA 29768,Zea mays ssp. parviglumis,Mesa_Central,-102.040,20.200,1859
LANTEO204,CIMMYTMA 29769,Zea mays ssp. parviglumis,Mesa_Central,-102.060,20.140,1867
LANTEO205,CIMMYTMA 29770,Zea mays ssp. parviglumis,Mesa_Central,-102.090,20.130,1817
LANTEO206,CIMMYTMA 29771,Zea mays ssp. parviglumis,Mesa_Central,-102.040,20.200,1859
LANTEO207,CIMMYTMA 29772,Zea mays ssp. parviglumis,Mesa_Central,-101.936,20.099,1705
LANTEO208,CIMMYTMA 29773,Zea mays ssp. parviglumis,Mesa_Central,-102.437,19.953,1682
LANTEO209,CIMMYTMA 29774,Zea mays ssp. parviglumis,Mesa_Central,-103.960,19.590,704
LANTEO210,CIMMYTMA 29775,Zea mays ssp. parviglumis,Mesa_Central,-102.380,20.150,1535
LANTEO211,CIMMYTMA 29776,Zea mays ssp. parviglumis,Mesa_Central,-102.030,20.170,1912
LANTEO212,CIMMYTMA 29777,Zea mays ssp. parviglumis,Mesa_Central,-101.750,19.990,1800
LANTEO213,CIMMYTMA 29778,Zea mays ssp. parviglumis,Balsas,-102.611,20.549,1620
LANTEO214,CIMMYTMA 29779,Zea mays ssp. parviglumis,Balsas,-102.593,20.326,1552
LANTEO215,CIMMYTMA 29780,Zea mays ssp. parviglumis,Balsas,-104.610,19.690,416
LANTEO216,CIMMYTMA 29781,Zea mays ssp. parviglumis,Balsas,-104.610,19.690,420
LANTEO217,CIMMYTMA 29782,Zea mays ssp. parviglumis,Balsas,-99.208,18.223,1087
LANTEO218,CIMMYTMA 29783,Zea mays ssp. parviglumis,Balsas,-99.780,18.480,1877
LANTEO219,CIMMYTMA 29784,Zea mays ssp. parviglumis,Balsas,-100.934,18.891,770
LANTEO220,CIMMYTMA 29785,Zea mays ssp. parviglumis,Mesa_Central,-101.460,19.226,1535
LANTEO221,CIMMYTMA 29786,Zea mays ssp. mexicana,Chalco,-101.607,19.412,2236
LANTEO222,CIMMYTMA 29787,Zea mays ssp. mexicana,Chalco,-101.413,20.002,2151
LANTEO223,CIMMYTMA 29788,Zea mays ssp. parviglumis,Mesa_Central,-101.515,20.085,1900
LANTEO224,CIMMYTMA 29789,Zea mays ssp. parviglumis,Balsas,-104.420,20.850,935
LANTEO225,CIMMYTMA 29790,Zea mays ssp. parviglumis,Balsas,-104.370,20.580,1519
LANTEO226,CIMMYTMA 29791,Zea mays ssp. parviglumis,Balsas,-104.010,20.550,1236
LANTEO227,CIMMYTMA 29792,Zea mays ssp. parviglumis,Balsas,-104.170,19.890,1126
LANTEO228,CIMMYTMA 29793,Zea mays ssp. parviglumis,Balsas,-104.050,19.960,1160
LANTEO229,CIMMYTMA 29794,Zea mays ssp. parviglumis,Balsas,-104.090,19.920,1057
LANTEO230,CIMMYTMA 29795,Zea mays ssp. parviglumis,Balsas,-104.160,19.890,1123
LANTEO231,CIMMYTMA 29796,Zea mays ssp. parviglumis,Balsas,-104.370,20.580,1519
LANTEO232,CIMMYTMA 29797,Zea mays ssp. parviglumis,Balsas,-104.170,19.890,1121
LANTEO233,CIMMYTMA 29798,Zea mays ssp. parviglumis,Balsas,-104.050,19.390,717
LANTEO234,CIMMYTMA 29799,Zea mays ssp. parviglumis,Balsas,-97.042,16.327,1094
LANTEO235,CIMMYTMA 30082,Zea luxurians,luxurians,-96.527,17.883,121
LANTEO236,ANNA2,Zea mays ssp. mexicana,,-99.127,19.212,2507
LANTEO237,ANNA3,Zea mays ssp. mexicana,,-98.809,19.212,2353
LANTEO238,ANNA5,Zea mays ssp. mexicana,,-98.843,19.077,2492
LANTEO239,ANNA8,Zea mays ssp. mexicana,,-98.922,19.505,2253
LANTEO240,ANNA10,Zea mays ssp. mexicana,,-99.633,19.161,2792
LANTEO241,ANNA11,Undetermined spp.,,-99.037,18.972,1589
LANTEO242,ANNA4,Zea mays ssp. mexicana,,-98.863,19.146,2408
LANTEO243,ANNA7,Zea mays ssp. mexicana,,-99.722,19.260,2776
LANTEO244,ANNA9,Zea mays ssp. mexicana,,-99.616,19.151,2698
LANTEO255,JONAS_POP1,Zea mays ssp. parviglumis,,-99.841,18.350,1649
LANTEO256,JONAS_POP2,Zea mays ssp. parviglumis,,-99.908,18.411,1439
LANTEO257,JONAS_POP3,Zea mays ssp. parviglumis,,-99.541,17.172,343
LANTEO258,JONAS_POP4,Zea mays ssp. parviglumis,,-99.285,16.981,581
LANTEO259,JONAS_POP5,Zea mays ssp. parviglumis,,-99.478,17.392,1201
LANTEO260,JONAS_POP6,Zea mays ssp. parviglumis,,-99.451,17.422,1251
LANTEO261,JONAS_POP7,Zea mays ssp. parviglumis,,-99.368,17.460,1107
LANTEO262,JONAS_POP8,Zea mays ssp. parviglumis,,-99.218,18.238,1101
LANTEO263,JONAS_POP9,Zea mays ssp. mexicana,,-99.070,18.974,1664
LANTEO264,JONAS_POP10,Zea mays ssp. mexicana,,-99.627,19.407,2581
LANTEO265,JONAS_POP11,Zea mays ssp. mexicana,,-102.235,20.139,1846
LANTEO266,JONAS_POP12,Zea mays ssp. parviglumis,,-106.075,20.627,1426
LANTEO267,JONAS_POP13,Zea mays ssp. parviglumis,,-106.472,19.715,504
LANTEO268,JONAS_POP14,Zea mays ssp. parviglumis,,-105.662,19.945,958
LANTEO269,JONAS_POP15,Zea mays ssp. parviglumis,,-104.279,19.913,976
LANTEO270,JONAS_POP16,Zea mays ssp. parviglumis,,-105.839,19.910,1407
LANTEO271,JONAS_POP17,Zea mays ssp. parviglumis,,-105.843,19.896,1317
LANTEO272,JONAS_POP18,Zea mays ssp. parviglumis,,-104.324,19.903,1140
LANTEO273,JONAS_POP19,Zea mays ssp. parviglumis,,-104.284,19.913,976
LANTEO274,JONAS_POP20,Zea mays ssp. parviglumis,,-104.264,19.922,963
LANTEO275,JONAS_POP21,Zea mays ssp. parviglumis,,-104.174,19.934,944
LANTEO276,JONAS_POP22,Zea mays ssp. mexicana,,-102.552,19.992,1861
LANTEO277,JONAS_POP23,Zea mays ssp. mexicana,,-102.516,19.958,1854
LANTEO278,JONAS_POP24,Zea mays ssp. mexicana,,-102.627,19.983,1878
LANTEO279,JONAS_POP25,Zea mays ssp. mexicana,,-101.255,20.053,1849
LANTEO280,JONAS_POP26,Zea mays ssp. mexicana,,-103.040,20.161,1856
LANTEO281,JONAS_POP27,Zea mays ssp. parviglumis,,-106.539,19.732,572
LANTEO282,JONAS_POP28,Zea mays ssp. parviglumis,,-104.225,19.535,1369
LANTEO283,JONAS_POP29,Zea mays ssp. mexicana,,-103.101,20.134,2002
LANTEO284,JONAS_POP30,Zea mays ssp. mexicana,,-102.902,19.965,1844
LANTEO285,JONAS_POP31,Zea mays ssp. parviglumis,,-102.088,19.327,1383
LANTEO286,JONAS_POP32,Zea mays ssp. mexicana,,-103.757,20.720,2176
LANTEO287,JONAS_POP33,Zea mays ssp. mexicana,,-98.880,19.260,2234
LANTEO288,JONAS_POP34,Zea mays ssp. mexicana,,-98.866,19.226,2252
LANTEO289,JONAS_POP35,Zea mays ssp. mexicana,,-98.864,19.140,2431
LANTEO290,JONAS_POP36,Zea mays ssp. mexicana,,-97.442,19.035,2646
LANTEO291,JONAS_POP37,Zea mays ssp. mexicana,,-97.553,19.174,2375
LANTEO292,JONAS_POP38,Zea mays ssp. mexicana,,-98.185,19.159,2306
LANTEO293,JONAS_POP39,Zea mays ssp. mexicana,,-98.487,19.084,2447
LANTEO294,JONAS_POP40,Zea mays ssp. mexicana,,-98.523,19.325,2441
LANTEO295,JONAS_POP41,Zea mays ssp. mexicana,,-98.915,19.503,2234
LANTEO296,JULIO TALPITITA,Zea mays ssp. parviglumis,,-104.480,19.450,526
LANTEO297,PI 384065,Zea mays ssp. parviglumis,,-99.850,18.350,1600
LANTEO298,PI 384066,Zea mays ssp. parviglumis,,-99.850,18.350,1700
LANTEO299,PI 384071,Zea mays ssp. parviglumis,,-100.320,18.330,1100
LANTEO300,Ames 21785,Zea mays ssp. parviglumis,,-99.500,17.420,1300
LANTEO301,Ames 21786,Zea mays ssp. parviglumis,,-99.500,17.420,1300
LANTEO302,Ames 21789,Zea mays ssp. parviglumis,,NA,NA,NA
LANTEO303,Ames 21814,Zea mays ssp. parviglumis,,NA,NA,NA
LANTEO304,Ames 21889,Zea mays ssp. parviglumis,,NA,NA,NA
LANTEO305,Ames 21809,Zea mays ssp. parviglumis,,-99.470,17.440,
LANTEO306,Ames 21812,Zea mays ssp. parviglumis,,-99.850,18.350,
RMM_11,RMM_11,Zea mays ssp. parviglumis,Balsas,19.528,-104.064,1450
RMM_3,RMM_3,Zea mays ssp. parviglumis,Balsas,19.945,-103.995,984